Market,Route,Period,Date,Amount,Currency
Carbon,ICE_EUA,SPOT,11/1/2023,82.57,USD
Carbon,ICE_EUA,DEC-2023,11/1/2023,82.76,USD
Carbon,ICE_EUA,JAN-2024,11/1/2023,83.22,USD
Carbon,ICE_EUA,MAR-2024,11/1/2023,83.78,USD
Carbon,ICE_EUA,APR-2024,11/1/2023,83.78,USD
Carbon,ICE_EUA,JUN-2024,11/1/2023,84.82,USD
Carbon,ICE_EUA,AUG-2024,11/1/2023,85.50,USD
Carbon,ICE_EUA,SEP-2024,11/1/2023,85.83,USD
Carbon,ICE_EUA,OCT-2024,11/1/2023,85.83,USD
Carbon,ICE_EUA,DEC-2024,11/1/2023,86.90,USD
Carbon,ICE_EUA,JAN-2025,11/1/2023,86.90,USD
Carbon,ICE_EUA,MAR-2025,11/1/2023,87.98,USD
Carbon,ICE_EUA,APR-2025,11/1/2023,87.98,USD
Carbon,ICE_EUA,JUN-2025,11/1/2023,88.87,USD
Carbon,ICE_EUA,AUG-2025,11/1/2023,89.43,USD
Carbon,ICE_EUA,SEP-2025,11/1/2023,89.67,USD
Carbon,ICE_EUA,OCT-2025,11/1/2023,89.67,USD
Carbon,ICE_EUA,DEC-2025,11/1/2023,90.56,USD
Carbon,ICE_EUA,JAN-2026,11/1/2023,90.56,USD
Carbon,ICE_EUA,MAR-2026,11/1/2023,91.52,USD
Carbon,ICE_EUA,APR-2026,11/1/2023,91.52,USD
Carbon,ICE_EUA,DEC-2026,11/1/2023,94.30,USD
Carbon,ICE_EUA,DEC-2027,11/1/2023,98.25,USD
Carbon,ICE_EUA,DEC-2028,11/1/2023,102.51,USD
Carbon,ICE_EUA,DEC-2029,11/1/2023,106.78,USD
Carbon,ICE_EUA,DEC-2030,11/1/2023,106.78,USD
Carbon,ICE_EUA,SPOT,11/2/2023,83.64,USD
Carbon,ICE_EUA,DEC-2023,11/2/2023,83.81,USD
Carbon,ICE_EUA,JAN-2024,11/2/2023,84.29,USD
Carbon,ICE_EUA,MAR-2024,11/2/2023,84.83,USD
Carbon,ICE_EUA,APR-2024,11/2/2023,84.83,USD
Carbon,ICE_EUA,JUN-2024,11/2/2023,85.98,USD
Carbon,ICE_EUA,AUG-2024,11/2/2023,86.64,USD
Carbon,ICE_EUA,SEP-2024,11/2/2023,87.10,USD
Carbon,ICE_EUA,OCT-2024,11/2/2023,87.10,USD
Carbon,ICE_EUA,DEC-2024,11/2/2023,87.96,USD
Carbon,ICE_EUA,JAN-2025,11/2/2023,87.96,USD
Carbon,ICE_EUA,MAR-2025,11/2/2023,89.06,USD
Carbon,ICE_EUA,APR-2025,11/2/2023,89.06,USD
Carbon,ICE_EUA,JUN-2025,11/2/2023,89.94,USD
Carbon,ICE_EUA,AUG-2025,11/2/2023,90.48,USD
Carbon,ICE_EUA,SEP-2025,11/2/2023,90.69,USD
Carbon,ICE_EUA,OCT-2025,11/2/2023,90.69,USD
Carbon,ICE_EUA,DEC-2025,11/2/2023,91.55,USD
Carbon,ICE_EUA,JAN-2026,11/2/2023,91.55,USD
Carbon,ICE_EUA,MAR-2026,11/2/2023,92.51,USD
Carbon,ICE_EUA,APR-2026,11/2/2023,92.51,USD
Carbon,ICE_EUA,DEC-2026,11/2/2023,95.34,USD
Carbon,ICE_EUA,DEC-2027,11/2/2023,99.23,USD
Carbon,ICE_EUA,DEC-2028,11/2/2023,103.34,USD
Carbon,ICE_EUA,DEC-2029,11/2/2023,107.44,USD
Carbon,ICE_EUA,DEC-2030,11/2/2023,107.44,USD
Carbon,ICE_EUA,SPOT,11/3/2023,82.91,USD
Carbon,ICE_EUA,DEC-2023,11/3/2023,83.09,USD
Carbon,ICE_EUA,JAN-2024,11/3/2023,83.56,USD
Carbon,ICE_EUA,MAR-2024,11/3/2023,84.13,USD
Carbon,ICE_EUA,APR-2024,11/3/2023,84.13,USD
Carbon,ICE_EUA,JUN-2024,11/3/2023,85.20,USD
Carbon,ICE_EUA,AUG-2024,11/3/2023,85.87,USD
Carbon,ICE_EUA,SEP-2024,11/3/2023,86.35,USD
Carbon,ICE_EUA,OCT-2024,11/3/2023,86.35,USD
Carbon,ICE_EUA,DEC-2024,11/3/2023,87.24,USD
Carbon,ICE_EUA,JAN-2025,11/3/2023,87.24,USD
Carbon,ICE_EUA,MAR-2025,11/3/2023,88.35,USD
Carbon,ICE_EUA,APR-2025,11/3/2023,88.35,USD
Carbon,ICE_EUA,JUN-2025,11/3/2023,89.22,USD
Carbon,ICE_EUA,AUG-2025,11/3/2023,89.77,USD
Carbon,ICE_EUA,SEP-2025,11/3/2023,89.98,USD
Carbon,ICE_EUA,OCT-2025,11/3/2023,89.98,USD
Carbon,ICE_EUA,DEC-2025,11/3/2023,90.86,USD
Carbon,ICE_EUA,JAN-2026,11/3/2023,90.86,USD
Carbon,ICE_EUA,MAR-2026,11/3/2023,91.93,USD
Carbon,ICE_EUA,APR-2026,11/3/2023,91.93,USD
Carbon,ICE_EUA,DEC-2026,11/3/2023,94.71,USD
Carbon,ICE_EUA,DEC-2027,11/3/2023,98.62,USD
Carbon,ICE_EUA,DEC-2028,11/3/2023,102.74,USD
Carbon,ICE_EUA,DEC-2029,11/3/2023,106.86,USD
Carbon,ICE_EUA,DEC-2030,11/3/2023,106.86,USD
Carbon,ICE_EUA,SPOT,11/6/2023,81.26,USD
Carbon,ICE_EUA,DEC-2023,11/6/2023,81.46,USD
Carbon,ICE_EUA,JAN-2024,11/6/2023,81.92,USD
Carbon,ICE_EUA,MAR-2024,11/6/2023,82.47,USD
Carbon,ICE_EUA,APR-2024,11/6/2023,82.47,USD
Carbon,ICE_EUA,JUN-2024,11/6/2023,83.52,USD
Carbon,ICE_EUA,AUG-2024,11/6/2023,84.18,USD
Carbon,ICE_EUA,SEP-2024,11/6/2023,84.65,USD
Carbon,ICE_EUA,OCT-2024,11/6/2023,84.65,USD
Carbon,ICE_EUA,DEC-2024,11/6/2023,85.51,USD
Carbon,ICE_EUA,JAN-2025,11/6/2023,85.51,USD
Carbon,ICE_EUA,MAR-2025,11/6/2023,86.62,USD
Carbon,ICE_EUA,APR-2025,11/6/2023,86.62,USD
Carbon,ICE_EUA,JUN-2025,11/6/2023,87.49,USD
Carbon,ICE_EUA,AUG-2025,11/6/2023,88.02,USD
Carbon,ICE_EUA,SEP-2025,11/6/2023,88.23,USD
Carbon,ICE_EUA,OCT-2025,11/6/2023,88.23,USD
Carbon,ICE_EUA,DEC-2025,11/6/2023,89.11,USD
Carbon,ICE_EUA,JAN-2026,11/6/2023,89.11,USD
Carbon,ICE_EUA,MAR-2026,11/6/2023,90.18,USD
Carbon,ICE_EUA,APR-2026,11/6/2023,90.18,USD
Carbon,ICE_EUA,DEC-2026,11/6/2023,92.97,USD
Carbon,ICE_EUA,DEC-2027,11/6/2023,97.03,USD
Carbon,ICE_EUA,DEC-2028,11/6/2023,101.17,USD
Carbon,ICE_EUA,DEC-2029,11/6/2023,105.31,USD
Carbon,ICE_EUA,DEC-2030,11/6/2023,105.31,USD
Carbon,ICE_EUA,SPOT,11/7/2023,80.20,USD
Carbon,ICE_EUA,DEC-2023,11/7/2023,80.41,USD
Carbon,ICE_EUA,JAN-2024,11/7/2023,80.89,USD
Carbon,ICE_EUA,MAR-2024,11/7/2023,81.41,USD
Carbon,ICE_EUA,APR-2024,11/7/2023,81.41,USD
Carbon,ICE_EUA,JUN-2024,11/7/2023,82.43,USD
Carbon,ICE_EUA,AUG-2024,11/7/2023,83.07,USD
Carbon,ICE_EUA,SEP-2024,11/7/2023,83.54,USD
Carbon,ICE_EUA,OCT-2024,11/7/2023,83.54,USD
Carbon,ICE_EUA,DEC-2024,11/7/2023,84.40,USD
Carbon,ICE_EUA,JAN-2025,11/7/2023,84.40,USD
Carbon,ICE_EUA,MAR-2025,11/7/2023,85.50,USD
Carbon,ICE_EUA,APR-2025,11/7/2023,85.50,USD
Carbon,ICE_EUA,JUN-2025,11/7/2023,86.33,USD
Carbon,ICE_EUA,AUG-2025,11/7/2023,86.85,USD
Carbon,ICE_EUA,SEP-2025,11/7/2023,87.03,USD
Carbon,ICE_EUA,OCT-2025,11/7/2023,87.03,USD
Carbon,ICE_EUA,DEC-2025,11/7/2023,87.87,USD
Carbon,ICE_EUA,JAN-2026,11/7/2023,87.87,USD
Carbon,ICE_EUA,MAR-2026,11/7/2023,89.03,USD
Carbon,ICE_EUA,APR-2026,11/7/2023,89.03,USD
Carbon,ICE_EUA,DEC-2026,11/7/2023,91.61,USD
Carbon,ICE_EUA,DEC-2027,11/7/2023,95.61,USD
Carbon,ICE_EUA,DEC-2028,11/7/2023,99.72,USD
Carbon,ICE_EUA,DEC-2029,11/7/2023,103.84,USD
Carbon,ICE_EUA,DEC-2030,11/7/2023,103.84,USD
Carbon,ICE_EUA,SPOT,11/8/2023,80.58,USD
Carbon,ICE_EUA,DEC-2023,11/8/2023,80.78,USD
Carbon,ICE_EUA,JAN-2024,11/8/2023,81.26,USD
Carbon,ICE_EUA,MAR-2024,11/8/2023,81.77,USD
Carbon,ICE_EUA,APR-2024,11/8/2023,81.77,USD
Carbon,ICE_EUA,JUN-2024,11/8/2023,82.84,USD
Carbon,ICE_EUA,AUG-2024,11/8/2023,83.51,USD
Carbon,ICE_EUA,SEP-2024,11/8/2023,83.92,USD
Carbon,ICE_EUA,OCT-2024,11/8/2023,83.92,USD
Carbon,ICE_EUA,DEC-2024,11/8/2023,84.76,USD
Carbon,ICE_EUA,JAN-2025,11/8/2023,84.76,USD
Carbon,ICE_EUA,MAR-2025,11/8/2023,85.86,USD
Carbon,ICE_EUA,APR-2025,11/8/2023,85.86,USD
Carbon,ICE_EUA,JUN-2025,11/8/2023,86.69,USD
Carbon,ICE_EUA,AUG-2025,11/8/2023,87.20,USD
Carbon,ICE_EUA,SEP-2025,11/8/2023,87.39,USD
Carbon,ICE_EUA,OCT-2025,11/8/2023,87.39,USD
Carbon,ICE_EUA,DEC-2025,11/8/2023,88.23,USD
Carbon,ICE_EUA,JAN-2026,11/8/2023,88.23,USD
Carbon,ICE_EUA,MAR-2026,11/8/2023,89.42,USD
Carbon,ICE_EUA,APR-2026,11/8/2023,89.42,USD
Carbon,ICE_EUA,DEC-2026,11/8/2023,91.96,USD
Carbon,ICE_EUA,DEC-2027,11/8/2023,95.87,USD
Carbon,ICE_EUA,DEC-2028,11/8/2023,99.98,USD
Carbon,ICE_EUA,DEC-2029,11/8/2023,104.09,USD
Carbon,ICE_EUA,DEC-2030,11/8/2023,104.09,USD
Carbon,ICE_EUA,SPOT,11/9/2023,82.51,USD
Carbon,ICE_EUA,DEC-2023,11/9/2023,82.73,USD
Carbon,ICE_EUA,JAN-2024,11/9/2023,83.17,USD
Carbon,ICE_EUA,MAR-2024,11/9/2023,83.72,USD
Carbon,ICE_EUA,APR-2024,11/9/2023,83.72,USD
Carbon,ICE_EUA,JUN-2024,11/9/2023,84.81,USD
Carbon,ICE_EUA,AUG-2024,11/9/2023,85.49,USD
Carbon,ICE_EUA,SEP-2024,11/9/2023,85.89,USD
Carbon,ICE_EUA,OCT-2024,11/9/2023,85.89,USD
Carbon,ICE_EUA,DEC-2024,11/9/2023,86.74,USD
Carbon,ICE_EUA,JAN-2025,11/9/2023,86.74,USD
Carbon,ICE_EUA,MAR-2025,11/9/2023,87.84,USD
Carbon,ICE_EUA,APR-2025,11/9/2023,87.84,USD
Carbon,ICE_EUA,JUN-2025,11/9/2023,88.67,USD
Carbon,ICE_EUA,AUG-2025,11/9/2023,89.18,USD
Carbon,ICE_EUA,SEP-2025,11/9/2023,89.37,USD
Carbon,ICE_EUA,OCT-2025,11/9/2023,89.37,USD
Carbon,ICE_EUA,DEC-2025,11/9/2023,90.21,USD
Carbon,ICE_EUA,JAN-2026,11/9/2023,90.21,USD
Carbon,ICE_EUA,MAR-2026,11/9/2023,91.44,USD
Carbon,ICE_EUA,APR-2026,11/9/2023,91.44,USD
Carbon,ICE_EUA,DEC-2026,11/9/2023,93.99,USD
Carbon,ICE_EUA,DEC-2027,11/9/2023,97.90,USD
Carbon,ICE_EUA,DEC-2028,11/9/2023,102.01,USD
Carbon,ICE_EUA,DEC-2029,11/9/2023,106.13,USD
Carbon,ICE_EUA,DEC-2030,11/9/2023,106.13,USD
Carbon,ICE_EUA,SPOT,11/10/2023,83.85,USD
Carbon,ICE_EUA,DEC-2023,11/10/2023,84.08,USD
Carbon,ICE_EUA,JAN-2024,11/10/2023,84.51,USD
Carbon,ICE_EUA,MAR-2024,11/10/2023,85.07,USD
Carbon,ICE_EUA,APR-2024,11/10/2023,85.07,USD
Carbon,ICE_EUA,JUN-2024,11/10/2023,86.11,USD
Carbon,ICE_EUA,AUG-2024,11/10/2023,86.90,USD
Carbon,ICE_EUA,SEP-2024,11/10/2023,87.29,USD
Carbon,ICE_EUA,OCT-2024,11/10/2023,87.29,USD
Carbon,ICE_EUA,DEC-2024,11/10/2023,88.09,USD
Carbon,ICE_EUA,JAN-2025,11/10/2023,88.09,USD
Carbon,ICE_EUA,MAR-2025,11/10/2023,89.18,USD
Carbon,ICE_EUA,APR-2025,11/10/2023,89.18,USD
Carbon,ICE_EUA,JUN-2025,11/10/2023,90.02,USD
Carbon,ICE_EUA,AUG-2025,11/10/2023,90.53,USD
Carbon,ICE_EUA,SEP-2025,11/10/2023,90.71,USD
Carbon,ICE_EUA,OCT-2025,11/10/2023,90.71,USD
Carbon,ICE_EUA,DEC-2025,11/10/2023,91.59,USD
Carbon,ICE_EUA,JAN-2026,11/10/2023,91.59,USD
Carbon,ICE_EUA,MAR-2026,11/10/2023,92.89,USD
Carbon,ICE_EUA,APR-2026,11/10/2023,92.89,USD
Carbon,ICE_EUA,DEC-2026,11/10/2023,95.29,USD
Carbon,ICE_EUA,DEC-2027,11/10/2023,99.25,USD
Carbon,ICE_EUA,DEC-2028,11/10/2023,103.31,USD
Carbon,ICE_EUA,DEC-2029,11/10/2023,107.36,USD
Carbon,ICE_EUA,DEC-2030,11/10/2023,107.36,USD
Carbon,ICE_EUA,SPOT,11/13/2023,82.46,USD
Carbon,ICE_EUA,DEC-2023,11/13/2023,82.67,USD
Carbon,ICE_EUA,JAN-2024,11/13/2023,83.13,USD
Carbon,ICE_EUA,MAR-2024,11/13/2023,83.67,USD
Carbon,ICE_EUA,APR-2024,11/13/2023,83.67,USD
Carbon,ICE_EUA,JUN-2024,11/13/2023,84.68,USD
Carbon,ICE_EUA,AUG-2024,11/13/2023,85.42,USD
Carbon,ICE_EUA,SEP-2024,11/13/2023,85.80,USD
Carbon,ICE_EUA,OCT-2024,11/13/2023,85.80,USD
Carbon,ICE_EUA,DEC-2024,11/13/2023,86.58,USD
Carbon,ICE_EUA,JAN-2025,11/13/2023,86.58,USD
Carbon,ICE_EUA,MAR-2025,11/13/2023,87.63,USD
Carbon,ICE_EUA,APR-2025,11/13/2023,87.63,USD
Carbon,ICE_EUA,JUN-2025,11/13/2023,88.48,USD
Carbon,ICE_EUA,AUG-2025,11/13/2023,89.00,USD
Carbon,ICE_EUA,SEP-2025,11/13/2023,89.19,USD
Carbon,ICE_EUA,OCT-2025,11/13/2023,89.19,USD
Carbon,ICE_EUA,DEC-2025,11/13/2023,90.08,USD
Carbon,ICE_EUA,JAN-2026,11/13/2023,90.08,USD
Carbon,ICE_EUA,MAR-2026,11/13/2023,91.38,USD
Carbon,ICE_EUA,APR-2026,11/13/2023,91.38,USD
Carbon,ICE_EUA,DEC-2026,11/13/2023,93.75,USD
Carbon,ICE_EUA,DEC-2027,11/13/2023,97.70,USD
Carbon,ICE_EUA,DEC-2028,11/13/2023,101.75,USD
Carbon,ICE_EUA,DEC-2029,11/13/2023,105.80,USD
Carbon,ICE_EUA,DEC-2030,11/13/2023,105.80,USD
Carbon,ICE_EUA,SPOT,11/14/2023,84.10,USD
Carbon,ICE_EUA,DEC-2023,11/14/2023,84.32,USD
Carbon,ICE_EUA,JAN-2024,11/14/2023,84.78,USD
Carbon,ICE_EUA,MAR-2024,11/14/2023,85.33,USD
Carbon,ICE_EUA,APR-2024,11/14/2023,85.33,USD
Carbon,ICE_EUA,JUN-2024,11/14/2023,86.35,USD
Carbon,ICE_EUA,AUG-2024,11/14/2023,87.11,USD
Carbon,ICE_EUA,SEP-2024,11/14/2023,87.51,USD
Carbon,ICE_EUA,OCT-2024,11/14/2023,87.51,USD
Carbon,ICE_EUA,DEC-2024,11/14/2023,88.32,USD
Carbon,ICE_EUA,JAN-2025,11/14/2023,88.32,USD
Carbon,ICE_EUA,MAR-2025,11/14/2023,89.40,USD
Carbon,ICE_EUA,APR-2025,11/14/2023,89.40,USD
Carbon,ICE_EUA,JUN-2025,11/14/2023,90.24,USD
Carbon,ICE_EUA,AUG-2025,11/14/2023,90.77,USD
Carbon,ICE_EUA,SEP-2025,11/14/2023,90.96,USD
Carbon,ICE_EUA,OCT-2025,11/14/2023,90.96,USD
Carbon,ICE_EUA,DEC-2025,11/14/2023,91.85,USD
Carbon,ICE_EUA,JAN-2026,11/14/2023,91.85,USD
Carbon,ICE_EUA,MAR-2026,11/14/2023,93.15,USD
Carbon,ICE_EUA,APR-2026,11/14/2023,93.15,USD
Carbon,ICE_EUA,DEC-2026,11/14/2023,95.53,USD
Carbon,ICE_EUA,DEC-2027,11/14/2023,99.50,USD
Carbon,ICE_EUA,DEC-2028,11/14/2023,103.57,USD
Carbon,ICE_EUA,DEC-2029,11/14/2023,107.65,USD
Carbon,ICE_EUA,DEC-2030,11/14/2023,107.65,USD
Carbon,ICE_EUA,SPOT,11/15/2023,86.42,USD
Carbon,ICE_EUA,DEC-2023,11/15/2023,86.66,USD
Carbon,ICE_EUA,JAN-2024,11/15/2023,87.15,USD
Carbon,ICE_EUA,MAR-2024,11/15/2023,87.68,USD
Carbon,ICE_EUA,APR-2024,11/15/2023,87.68,USD
Carbon,ICE_EUA,JUN-2024,11/15/2023,88.74,USD
Carbon,ICE_EUA,AUG-2024,11/15/2023,89.53,USD
Carbon,ICE_EUA,SEP-2024,11/15/2023,89.94,USD
Carbon,ICE_EUA,OCT-2024,11/15/2023,89.94,USD
Carbon,ICE_EUA,DEC-2024,11/15/2023,90.78,USD
Carbon,ICE_EUA,JAN-2025,11/15/2023,90.78,USD
Carbon,ICE_EUA,MAR-2025,11/15/2023,91.87,USD
Carbon,ICE_EUA,APR-2025,11/15/2023,91.87,USD
Carbon,ICE_EUA,JUN-2025,11/15/2023,92.73,USD
Carbon,ICE_EUA,AUG-2025,11/15/2023,93.26,USD
Carbon,ICE_EUA,SEP-2025,11/15/2023,93.45,USD
Carbon,ICE_EUA,OCT-2025,11/15/2023,93.45,USD
Carbon,ICE_EUA,DEC-2025,11/15/2023,94.37,USD
Carbon,ICE_EUA,JAN-2026,11/15/2023,94.37,USD
Carbon,ICE_EUA,MAR-2026,11/15/2023,95.55,USD
Carbon,ICE_EUA,APR-2026,11/15/2023,95.55,USD
Carbon,ICE_EUA,DEC-2026,11/15/2023,98.21,USD
Carbon,ICE_EUA,DEC-2027,11/15/2023,102.29,USD
Carbon,ICE_EUA,DEC-2028,11/15/2023,106.42,USD
Carbon,ICE_EUA,DEC-2029,11/15/2023,110.55,USD
Carbon,ICE_EUA,DEC-2030,11/15/2023,110.55,USD
Carbon,ICE_EUA,SPOT,11/16/2023,83.33,USD
Carbon,ICE_EUA,DEC-2023,11/16/2023,83.55,USD
Carbon,ICE_EUA,JAN-2024,11/16/2023,84.03,USD
Carbon,ICE_EUA,MAR-2024,11/16/2023,84.56,USD
Carbon,ICE_EUA,APR-2024,11/16/2023,84.56,USD
Carbon,ICE_EUA,JUN-2024,11/16/2023,85.60,USD
Carbon,ICE_EUA,AUG-2024,11/16/2023,86.37,USD
Carbon,ICE_EUA,SEP-2024,11/16/2023,86.76,USD
Carbon,ICE_EUA,OCT-2024,11/16/2023,86.76,USD
Carbon,ICE_EUA,DEC-2024,11/16/2023,87.56,USD
Carbon,ICE_EUA,JAN-2025,11/16/2023,87.56,USD
Carbon,ICE_EUA,MAR-2025,11/16/2023,88.65,USD
Carbon,ICE_EUA,APR-2025,11/16/2023,88.65,USD
Carbon,ICE_EUA,JUN-2025,11/16/2023,89.49,USD
Carbon,ICE_EUA,AUG-2025,11/16/2023,90.01,USD
Carbon,ICE_EUA,SEP-2025,11/16/2023,90.20,USD
Carbon,ICE_EUA,OCT-2025,11/16/2023,90.20,USD
Carbon,ICE_EUA,DEC-2025,11/16/2023,91.10,USD
Carbon,ICE_EUA,JAN-2026,11/16/2023,91.10,USD
Carbon,ICE_EUA,MAR-2026,11/16/2023,92.24,USD
Carbon,ICE_EUA,APR-2026,11/16/2023,92.24,USD
Carbon,ICE_EUA,DEC-2026,11/16/2023,94.78,USD
Carbon,ICE_EUA,DEC-2027,11/16/2023,98.85,USD
Carbon,ICE_EUA,DEC-2028,11/16/2023,102.97,USD
Carbon,ICE_EUA,DEC-2029,11/16/2023,107.09,USD
Carbon,ICE_EUA,DEC-2030,11/16/2023,107.09,USD
Carbon,ICE_EUA,SPOT,11/17/2023,83.02,USD
Carbon,ICE_EUA,DEC-2023,11/17/2023,83.23,USD
Carbon,ICE_EUA,JAN-2024,11/17/2023,83.70,USD
Carbon,ICE_EUA,MAR-2024,11/17/2023,84.23,USD
Carbon,ICE_EUA,APR-2024,11/17/2023,84.23,USD
Carbon,ICE_EUA,JUN-2024,11/17/2023,85.24,USD
Carbon,ICE_EUA,AUG-2024,11/17/2023,85.99,USD
Carbon,ICE_EUA,SEP-2024,11/17/2023,86.40,USD
Carbon,ICE_EUA,OCT-2024,11/17/2023,86.40,USD
Carbon,ICE_EUA,DEC-2024,11/17/2023,87.22,USD
Carbon,ICE_EUA,JAN-2025,11/17/2023,87.22,USD
Carbon,ICE_EUA,MAR-2025,11/17/2023,88.30,USD
Carbon,ICE_EUA,APR-2025,11/17/2023,88.30,USD
Carbon,ICE_EUA,JUN-2025,11/17/2023,89.12,USD
Carbon,ICE_EUA,AUG-2025,11/17/2023,89.63,USD
Carbon,ICE_EUA,SEP-2025,11/17/2023,89.80,USD
Carbon,ICE_EUA,OCT-2025,11/17/2023,89.80,USD
Carbon,ICE_EUA,DEC-2025,11/17/2023,90.68,USD
Carbon,ICE_EUA,JAN-2026,11/17/2023,90.68,USD
Carbon,ICE_EUA,MAR-2026,11/17/2023,91.73,USD
Carbon,ICE_EUA,APR-2026,11/17/2023,91.73,USD
Carbon,ICE_EUA,MAY-2026,11/17/2023,91.73,USD
Carbon,ICE_EUA,JUN-2026,11/17/2023,91.73,USD
Carbon,ICE_EUA,AUG-2026,11/17/2023,92.89,USD
Carbon,ICE_EUA,SEP-2026,11/17/2023,92.89,USD
Carbon,ICE_EUA,DEC-2026,11/17/2023,94.03,USD
Carbon,ICE_EUA,DEC-2027,11/17/2023,97.75,USD
Carbon,ICE_EUA,DEC-2028,11/17/2023,101.66,USD
Carbon,ICE_EUA,DEC-2029,11/17/2023,105.58,USD
Carbon,ICE_EUA,DEC-2030,11/17/2023,105.58,USD
Carbon,ICE_EUA,SPOT,11/20/2023,83.50,USD
Carbon,ICE_EUA,DEC-2023,11/20/2023,83.72,USD
Carbon,ICE_EUA,JAN-2024,11/20/2023,84.18,USD
Carbon,ICE_EUA,MAR-2024,11/20/2023,84.71,USD
Carbon,ICE_EUA,APR-2024,11/20/2023,84.71,USD
Carbon,ICE_EUA,JUN-2024,11/20/2023,85.69,USD
Carbon,ICE_EUA,AUG-2024,11/20/2023,86.38,USD
Carbon,ICE_EUA,SEP-2024,11/20/2023,86.85,USD
Carbon,ICE_EUA,OCT-2024,11/20/2023,86.85,USD
Carbon,ICE_EUA,DEC-2024,11/20/2023,87.71,USD
Carbon,ICE_EUA,JAN-2025,11/20/2023,87.71,USD
Carbon,ICE_EUA,MAR-2025,11/20/2023,88.80,USD
Carbon,ICE_EUA,APR-2025,11/20/2023,88.80,USD
Carbon,ICE_EUA,JUN-2025,11/20/2023,89.66,USD
Carbon,ICE_EUA,AUG-2025,11/20/2023,90.19,USD
Carbon,ICE_EUA,SEP-2025,11/20/2023,90.38,USD
Carbon,ICE_EUA,OCT-2025,11/20/2023,90.38,USD
Carbon,ICE_EUA,DEC-2025,11/20/2023,91.27,USD
Carbon,ICE_EUA,JAN-2026,11/20/2023,91.27,USD
Carbon,ICE_EUA,MAR-2026,11/20/2023,92.30,USD
Carbon,ICE_EUA,APR-2026,11/20/2023,92.30,USD
Carbon,ICE_EUA,MAY-2026,11/20/2023,92.30,USD
Carbon,ICE_EUA,JUN-2026,11/20/2023,92.30,USD
Carbon,ICE_EUA,AUG-2026,11/20/2023,93.47,USD
Carbon,ICE_EUA,SEP-2026,11/20/2023,93.47,USD
Carbon,ICE_EUA,DEC-2026,11/20/2023,94.58,USD
Carbon,ICE_EUA,DEC-2027,11/20/2023,97.98,USD
Carbon,ICE_EUA,DEC-2028,11/20/2023,101.48,USD
Carbon,ICE_EUA,DEC-2029,11/20/2023,105.08,USD
Carbon,ICE_EUA,DEC-2030,11/20/2023,105.08,USD
Carbon,ICE_EUA,SPOT,11/21/2023,82.36,USD
Carbon,ICE_EUA,DEC-2023,11/21/2023,82.57,USD
Carbon,ICE_EUA,JAN-2024,11/21/2023,83.01,USD
Carbon,ICE_EUA,MAR-2024,11/21/2023,83.54,USD
Carbon,ICE_EUA,APR-2024,11/21/2023,83.54,USD
Carbon,ICE_EUA,JUN-2024,11/21/2023,84.55,USD
Carbon,ICE_EUA,AUG-2024,11/21/2023,85.24,USD
Carbon,ICE_EUA,SEP-2024,11/21/2023,85.71,USD
Carbon,ICE_EUA,OCT-2024,11/21/2023,85.71,USD
Carbon,ICE_EUA,DEC-2024,11/21/2023,86.50,USD
Carbon,ICE_EUA,JAN-2025,11/21/2023,86.50,USD
Carbon,ICE_EUA,MAR-2025,11/21/2023,87.60,USD
Carbon,ICE_EUA,APR-2025,11/21/2023,87.60,USD
Carbon,ICE_EUA,JUN-2025,11/21/2023,88.44,USD
Carbon,ICE_EUA,AUG-2025,11/21/2023,88.94,USD
Carbon,ICE_EUA,SEP-2025,11/21/2023,89.12,USD
Carbon,ICE_EUA,OCT-2025,11/21/2023,89.12,USD
Carbon,ICE_EUA,DEC-2025,11/21/2023,90.00,USD
Carbon,ICE_EUA,JAN-2026,11/21/2023,90.00,USD
Carbon,ICE_EUA,MAR-2026,11/21/2023,91.05,USD
Carbon,ICE_EUA,APR-2026,11/21/2023,91.05,USD
Carbon,ICE_EUA,MAY-2026,11/21/2023,91.05,USD
Carbon,ICE_EUA,JUN-2026,11/21/2023,91.05,USD
Carbon,ICE_EUA,AUG-2026,11/21/2023,92.34,USD
Carbon,ICE_EUA,SEP-2026,11/21/2023,92.34,USD
Carbon,ICE_EUA,DEC-2026,11/21/2023,93.42,USD
Carbon,ICE_EUA,DEC-2027,11/21/2023,97.28,USD
Carbon,ICE_EUA,DEC-2028,11/21/2023,100.90,USD
Carbon,ICE_EUA,DEC-2029,11/21/2023,104.51,USD
Carbon,ICE_EUA,DEC-2030,11/21/2023,104.51,USD
Carbon,ICE_EUA,SPOT,11/22/2023,82.15,USD
Carbon,ICE_EUA,DEC-2023,11/22/2023,82.37,USD
Carbon,ICE_EUA,JAN-2024,11/22/2023,82.81,USD
Carbon,ICE_EUA,MAR-2024,11/22/2023,83.36,USD
Carbon,ICE_EUA,APR-2024,11/22/2023,83.36,USD
Carbon,ICE_EUA,JUN-2024,11/22/2023,84.45,USD
Carbon,ICE_EUA,AUG-2024,11/22/2023,85.06,USD
Carbon,ICE_EUA,SEP-2024,11/22/2023,85.53,USD
Carbon,ICE_EUA,OCT-2024,11/22/2023,85.53,USD
Carbon,ICE_EUA,DEC-2024,11/22/2023,86.29,USD
Carbon,ICE_EUA,JAN-2025,11/22/2023,86.29,USD
Carbon,ICE_EUA,MAR-2025,11/22/2023,87.40,USD
Carbon,ICE_EUA,APR-2025,11/22/2023,87.40,USD
Carbon,ICE_EUA,JUN-2025,11/22/2023,88.24,USD
Carbon,ICE_EUA,AUG-2025,11/22/2023,88.75,USD
Carbon,ICE_EUA,SEP-2025,11/22/2023,88.92,USD
Carbon,ICE_EUA,OCT-2025,11/22/2023,88.92,USD
Carbon,ICE_EUA,DEC-2025,11/22/2023,89.81,USD
Carbon,ICE_EUA,JAN-2026,11/22/2023,89.81,USD
Carbon,ICE_EUA,MAR-2026,11/22/2023,90.86,USD
Carbon,ICE_EUA,APR-2026,11/22/2023,90.86,USD
Carbon,ICE_EUA,MAY-2026,11/22/2023,90.86,USD
Carbon,ICE_EUA,JUN-2026,11/22/2023,90.86,USD
Carbon,ICE_EUA,AUG-2026,11/22/2023,92.14,USD
Carbon,ICE_EUA,SEP-2026,11/22/2023,92.14,USD
Carbon,ICE_EUA,DEC-2026,11/22/2023,93.24,USD
Carbon,ICE_EUA,DEC-2027,11/22/2023,97.09,USD
Carbon,ICE_EUA,DEC-2028,11/22/2023,100.82,USD
Carbon,ICE_EUA,DEC-2029,11/22/2023,104.54,USD
Carbon,ICE_EUA,DEC-2030,11/22/2023,104.54,USD
Carbon,ICE_EUA,SPOT,11/23/2023,81.82,USD
Carbon,ICE_EUA,DEC-2023,11/23/2023,82.04,USD
Carbon,ICE_EUA,JAN-2024,11/23/2023,82.48,USD
Carbon,ICE_EUA,MAR-2024,11/23/2023,83.02,USD
Carbon,ICE_EUA,APR-2024,11/23/2023,83.02,USD
Carbon,ICE_EUA,JUN-2024,11/23/2023,84.11,USD
Carbon,ICE_EUA,AUG-2024,11/23/2023,84.71,USD
Carbon,ICE_EUA,SEP-2024,11/23/2023,85.18,USD
Carbon,ICE_EUA,OCT-2024,11/23/2023,85.18,USD
Carbon,ICE_EUA,DEC-2024,11/23/2023,85.95,USD
Carbon,ICE_EUA,JAN-2025,11/23/2023,85.95,USD
Carbon,ICE_EUA,MAR-2025,11/23/2023,87.05,USD
Carbon,ICE_EUA,APR-2025,11/23/2023,87.05,USD
Carbon,ICE_EUA,JUN-2025,11/23/2023,87.89,USD
Carbon,ICE_EUA,AUG-2025,11/23/2023,88.39,USD
Carbon,ICE_EUA,SEP-2025,11/23/2023,88.57,USD
Carbon,ICE_EUA,OCT-2025,11/23/2023,88.57,USD
Carbon,ICE_EUA,DEC-2025,11/23/2023,89.45,USD
Carbon,ICE_EUA,JAN-2026,11/23/2023,89.45,USD
Carbon,ICE_EUA,MAR-2026,11/23/2023,90.50,USD
Carbon,ICE_EUA,APR-2026,11/23/2023,90.50,USD
Carbon,ICE_EUA,MAY-2026,11/23/2023,90.50,USD
Carbon,ICE_EUA,JUN-2026,11/23/2023,90.50,USD
Carbon,ICE_EUA,AUG-2026,11/23/2023,91.77,USD
Carbon,ICE_EUA,SEP-2026,11/23/2023,91.77,USD
Carbon,ICE_EUA,DEC-2026,11/23/2023,92.86,USD
Carbon,ICE_EUA,DEC-2027,11/23/2023,96.70,USD
Carbon,ICE_EUA,DEC-2028,11/23/2023,100.41,USD
Carbon,ICE_EUA,DEC-2029,11/23/2023,104.12,USD
Carbon,ICE_EUA,DEC-2030,11/23/2023,104.12,USD
Carbon,ICE_EUA,SPOT,11/24/2023,83.28,USD
Carbon,ICE_EUA,DEC-2023,11/24/2023,83.49,USD
Carbon,ICE_EUA,JAN-2024,11/24/2023,83.95,USD
Carbon,ICE_EUA,MAR-2024,11/24/2023,84.49,USD
Carbon,ICE_EUA,APR-2024,11/24/2023,84.49,USD
Carbon,ICE_EUA,JUN-2024,11/24/2023,85.61,USD
Carbon,ICE_EUA,AUG-2024,11/24/2023,86.22,USD
Carbon,ICE_EUA,SEP-2024,11/24/2023,86.63,USD
Carbon,ICE_EUA,OCT-2024,11/24/2023,86.63,USD
Carbon,ICE_EUA,DEC-2024,11/24/2023,87.44,USD
Carbon,ICE_EUA,JAN-2025,11/24/2023,87.44,USD
Carbon,ICE_EUA,MAR-2025,11/24/2023,88.53,USD
Carbon,ICE_EUA,APR-2025,11/24/2023,88.53,USD
Carbon,ICE_EUA,JUN-2025,11/24/2023,89.36,USD
Carbon,ICE_EUA,AUG-2025,11/24/2023,89.87,USD
Carbon,ICE_EUA,SEP-2025,11/24/2023,90.12,USD
Carbon,ICE_EUA,OCT-2025,11/24/2023,90.12,USD
Carbon,ICE_EUA,DEC-2025,11/24/2023,90.92,USD
Carbon,ICE_EUA,JAN-2026,11/24/2023,90.92,USD
Carbon,ICE_EUA,MAR-2026,11/24/2023,91.95,USD
Carbon,ICE_EUA,APR-2026,11/24/2023,91.95,USD
Carbon,ICE_EUA,MAY-2026,11/24/2023,91.95,USD
Carbon,ICE_EUA,JUN-2026,11/24/2023,91.95,USD
Carbon,ICE_EUA,AUG-2026,11/24/2023,93.17,USD
Carbon,ICE_EUA,SEP-2026,11/24/2023,93.17,USD
Carbon,ICE_EUA,DEC-2026,11/24/2023,94.46,USD
Carbon,ICE_EUA,DEC-2027,11/24/2023,97.81,USD
Carbon,ICE_EUA,DEC-2028,11/24/2023,101.51,USD
Carbon,ICE_EUA,DEC-2029,11/24/2023,105.22,USD
Carbon,ICE_EUA,DEC-2030,11/24/2023,105.22,USD
Carbon,ICE_EUA,SPOT,11/27/2023,80.18,USD
Carbon,ICE_EUA,DEC-2023,11/27/2023,80.38,USD
Carbon,ICE_EUA,JAN-2024,11/27/2023,80.87,USD
Carbon,ICE_EUA,MAR-2024,11/27/2023,81.34,USD
Carbon,ICE_EUA,APR-2024,11/27/2023,81.34,USD
Carbon,ICE_EUA,JUN-2024,11/27/2023,82.43,USD
Carbon,ICE_EUA,AUG-2024,11/27/2023,83.05,USD
Carbon,ICE_EUA,SEP-2024,11/27/2023,83.48,USD
Carbon,ICE_EUA,OCT-2024,11/27/2023,83.48,USD
Carbon,ICE_EUA,DEC-2024,11/27/2023,84.20,USD
Carbon,ICE_EUA,JAN-2025,11/27/2023,84.20,USD
Carbon,ICE_EUA,MAR-2025,11/27/2023,85.28,USD
Carbon,ICE_EUA,APR-2025,11/27/2023,85.28,USD
Carbon,ICE_EUA,JUN-2025,11/27/2023,86.10,USD
Carbon,ICE_EUA,AUG-2025,11/27/2023,86.60,USD
Carbon,ICE_EUA,SEP-2025,11/27/2023,86.84,USD
Carbon,ICE_EUA,OCT-2025,11/27/2023,86.84,USD
Carbon,ICE_EUA,DEC-2025,11/27/2023,87.59,USD
Carbon,ICE_EUA,JAN-2026,11/27/2023,87.59,USD
Carbon,ICE_EUA,MAR-2026,11/27/2023,88.55,USD
Carbon,ICE_EUA,APR-2026,11/27/2023,88.55,USD
Carbon,ICE_EUA,MAY-2026,11/27/2023,88.55,USD
Carbon,ICE_EUA,JUN-2026,11/27/2023,88.55,USD
Carbon,ICE_EUA,AUG-2026,11/27/2023,89.80,USD
Carbon,ICE_EUA,SEP-2026,11/27/2023,89.80,USD
Carbon,ICE_EUA,DEC-2026,11/27/2023,90.97,USD
Carbon,ICE_EUA,DEC-2027,11/27/2023,94.33,USD
Carbon,ICE_EUA,DEC-2028,11/27/2023,98.04,USD
Carbon,ICE_EUA,DEC-2029,11/27/2023,101.75,USD
Carbon,ICE_EUA,DEC-2030,11/27/2023,101.75,USD
Carbon,ICE_EUA,DEC-2023,11/28/2023,79.90,USD
Carbon,ICE_EUA,JAN-2024,11/28/2023,80.37,USD
Carbon,ICE_EUA,FEB-2024,11/28/2023,80.61,USD
Carbon,ICE_EUA,MAR-2024,11/28/2023,80.84,USD
Carbon,ICE_EUA,APR-2024,11/28/2023,80.84,USD
Carbon,ICE_EUA,JUN-2024,11/28/2023,81.92,USD
Carbon,ICE_EUA,AUG-2024,11/28/2023,82.54,USD
Carbon,ICE_EUA,SEP-2024,11/28/2023,82.97,USD
Carbon,ICE_EUA,OCT-2024,11/28/2023,82.97,USD
Carbon,ICE_EUA,DEC-2024,11/28/2023,83.70,USD
Carbon,ICE_EUA,JAN-2025,11/28/2023,83.70,USD
Carbon,ICE_EUA,MAR-2025,11/28/2023,84.78,USD
Carbon,ICE_EUA,APR-2025,11/28/2023,84.78,USD
Carbon,ICE_EUA,JUN-2025,11/28/2023,85.60,USD
Carbon,ICE_EUA,AUG-2025,11/28/2023,86.10,USD
Carbon,ICE_EUA,SEP-2025,11/28/2023,86.33,USD
Carbon,ICE_EUA,OCT-2025,11/28/2023,86.33,USD
Carbon,ICE_EUA,DEC-2025,11/28/2023,87.09,USD
Carbon,ICE_EUA,JAN-2026,11/28/2023,87.09,USD
Carbon,ICE_EUA,MAR-2026,11/28/2023,88.13,USD
Carbon,ICE_EUA,APR-2026,11/28/2023,88.13,USD
Carbon,ICE_EUA,MAY-2026,11/28/2023,88.13,USD
Carbon,ICE_EUA,JUN-2026,11/28/2023,88.13,USD
Carbon,ICE_EUA,AUG-2026,11/28/2023,89.32,USD
Carbon,ICE_EUA,SEP-2026,11/28/2023,89.32,USD
Carbon,ICE_EUA,OCT-2026,11/28/2023,89.32,USD
Carbon,ICE_EUA,DEC-2026,11/28/2023,90.51,USD
Carbon,ICE_EUA,DEC-2027,11/28/2023,93.87,USD
Carbon,ICE_EUA,DEC-2028,11/28/2023,97.60,USD
Carbon,ICE_EUA,DEC-2029,11/28/2023,101.32,USD
Carbon,ICE_EUA,DEC-2030,11/28/2023,101.32,USD
Carbon,ICE_EUA,DEC-2023,11/29/2023,77.76,USD
Carbon,ICE_EUA,JAN-2024,11/29/2023,78.17,USD
Carbon,ICE_EUA,FEB-2024,11/29/2023,78.43,USD
Carbon,ICE_EUA,MAR-2024,11/29/2023,78.68,USD
Carbon,ICE_EUA,APR-2024,11/29/2023,78.68,USD
Carbon,ICE_EUA,JUN-2024,11/29/2023,79.73,USD
Carbon,ICE_EUA,AUG-2024,11/29/2023,80.34,USD
Carbon,ICE_EUA,SEP-2024,11/29/2023,80.72,USD
Carbon,ICE_EUA,OCT-2024,11/29/2023,80.72,USD
Carbon,ICE_EUA,DEC-2024,11/29/2023,81.43,USD
Carbon,ICE_EUA,JAN-2025,11/29/2023,81.43,USD
Carbon,ICE_EUA,MAR-2025,11/29/2023,82.50,USD
Carbon,ICE_EUA,APR-2025,11/29/2023,82.50,USD
Carbon,ICE_EUA,JUN-2025,11/29/2023,83.29,USD
Carbon,ICE_EUA,AUG-2025,11/29/2023,83.75,USD
Carbon,ICE_EUA,SEP-2025,11/29/2023,83.95,USD
Carbon,ICE_EUA,OCT-2025,11/29/2023,83.95,USD
Carbon,ICE_EUA,DEC-2025,11/29/2023,84.69,USD
Carbon,ICE_EUA,JAN-2026,11/29/2023,84.69,USD
Carbon,ICE_EUA,MAR-2026,11/29/2023,85.64,USD
Carbon,ICE_EUA,APR-2026,11/29/2023,85.64,USD
Carbon,ICE_EUA,MAY-2026,11/29/2023,85.64,USD
Carbon,ICE_EUA,JUN-2026,11/29/2023,85.64,USD
Carbon,ICE_EUA,AUG-2026,11/29/2023,86.85,USD
Carbon,ICE_EUA,SEP-2026,11/29/2023,86.85,USD
Carbon,ICE_EUA,OCT-2026,11/29/2023,86.85,USD
Carbon,ICE_EUA,DEC-2026,11/29/2023,88.03,USD
Carbon,ICE_EUA,DEC-2027,11/29/2023,91.48,USD
Carbon,ICE_EUA,DEC-2028,11/29/2023,94.95,USD
Carbon,ICE_EUA,DEC-2029,11/29/2023,98.67,USD
Carbon,ICE_EUA,DEC-2030,11/29/2023,98.67,USD
Carbon,ICE_EUA,DEC-2023,11/30/2023,77.79,USD
Carbon,ICE_EUA,JAN-2024,11/30/2023,78.19,USD
Carbon,ICE_EUA,FEB-2024,11/30/2023,78.46,USD
Carbon,ICE_EUA,MAR-2024,11/30/2023,78.71,USD
Carbon,ICE_EUA,APR-2024,11/30/2023,78.71,USD
Carbon,ICE_EUA,JUN-2024,11/30/2023,79.69,USD
Carbon,ICE_EUA,AUG-2024,11/30/2023,80.29,USD
Carbon,ICE_EUA,SEP-2024,11/30/2023,80.65,USD
Carbon,ICE_EUA,OCT-2024,11/30/2023,80.65,USD
Carbon,ICE_EUA,DEC-2024,11/30/2023,81.31,USD
Carbon,ICE_EUA,JAN-2025,11/30/2023,81.31,USD
Carbon,ICE_EUA,MAR-2025,11/30/2023,82.37,USD
Carbon,ICE_EUA,APR-2025,11/30/2023,82.37,USD
Carbon,ICE_EUA,JUN-2025,11/30/2023,83.14,USD
Carbon,ICE_EUA,AUG-2025,11/30/2023,83.57,USD
Carbon,ICE_EUA,SEP-2025,11/30/2023,83.75,USD
Carbon,ICE_EUA,OCT-2025,11/30/2023,83.75,USD
Carbon,ICE_EUA,DEC-2025,11/30/2023,84.50,USD
Carbon,ICE_EUA,JAN-2026,11/30/2023,84.50,USD
Carbon,ICE_EUA,MAR-2026,11/30/2023,85.43,USD
Carbon,ICE_EUA,APR-2026,11/30/2023,85.43,USD
Carbon,ICE_EUA,MAY-2026,11/30/2023,85.43,USD
Carbon,ICE_EUA,JUN-2026,11/30/2023,85.43,USD
Carbon,ICE_EUA,AUG-2026,11/30/2023,86.54,USD
Carbon,ICE_EUA,SEP-2026,11/30/2023,86.54,USD
Carbon,ICE_EUA,OCT-2026,11/30/2023,86.54,USD
Carbon,ICE_EUA,DEC-2026,11/30/2023,87.69,USD
Carbon,ICE_EUA,DEC-2027,11/30/2023,91.22,USD
Carbon,ICE_EUA,DEC-2028,11/30/2023,94.75,USD
Carbon,ICE_EUA,DEC-2029,11/30/2023,98.48,USD
Carbon,ICE_EUA,DEC-2030,11/30/2023,98.48,USD
Carbon,ICE_EUA,SPOT,12/1/2023,79.24,USD
Carbon,ICE_EUA,JAN-2024,12/1/2023,79.64,USD
Carbon,ICE_EUA,FEB-2024,12/1/2023,79.90,USD
Carbon,ICE_EUA,MAR-2024,12/1/2023,80.17,USD
Carbon,ICE_EUA,APR-2024,12/1/2023,80.17,USD
Carbon,ICE_EUA,JUN-2024,12/1/2023,81.19,USD
Carbon,ICE_EUA,AUG-2024,12/1/2023,81.79,USD
Carbon,ICE_EUA,SEP-2024,12/1/2023,82.17,USD
Carbon,ICE_EUA,OCT-2024,12/1/2023,82.17,USD
Carbon,ICE_EUA,DEC-2024,12/1/2023,82.76,USD
Carbon,ICE_EUA,JAN-2025,12/1/2023,82.76,USD
Carbon,ICE_EUA,MAR-2025,12/1/2023,83.79,USD
Carbon,ICE_EUA,APR-2025,12/1/2023,83.79,USD
Carbon,ICE_EUA,JUN-2025,12/1/2023,84.55,USD
Carbon,ICE_EUA,AUG-2025,12/1/2023,84.99,USD
Carbon,ICE_EUA,SEP-2025,12/1/2023,85.19,USD
Carbon,ICE_EUA,OCT-2025,12/1/2023,85.19,USD
Carbon,ICE_EUA,DEC-2025,12/1/2023,85.94,USD
Carbon,ICE_EUA,JAN-2026,12/1/2023,85.94,USD
Carbon,ICE_EUA,MAR-2026,12/1/2023,86.86,USD
Carbon,ICE_EUA,APR-2026,12/1/2023,86.86,USD
Carbon,ICE_EUA,MAY-2026,12/1/2023,86.86,USD
Carbon,ICE_EUA,JUN-2026,12/1/2023,86.86,USD
Carbon,ICE_EUA,AUG-2026,12/1/2023,88.04,USD
Carbon,ICE_EUA,SEP-2026,12/1/2023,88.04,USD
Carbon,ICE_EUA,OCT-2026,12/1/2023,88.04,USD
Carbon,ICE_EUA,DEC-2026,12/1/2023,89.24,USD
Carbon,ICE_EUA,DEC-2027,12/1/2023,92.75,USD
Carbon,ICE_EUA,DEC-2028,12/1/2023,96.26,USD
Carbon,ICE_EUA,DEC-2029,12/1/2023,99.98,USD
Carbon,ICE_EUA,DEC-2030,12/1/2023,99.98,USD
Carbon,ICE_EUA,SPOT,12/4/2023,76.53,USD
Carbon,ICE_EUA,JAN-2024,12/4/2023,76.93,USD
Carbon,ICE_EUA,FEB-2024,12/4/2023,77.18,USD
Carbon,ICE_EUA,MAR-2024,12/4/2023,77.43,USD
Carbon,ICE_EUA,APR-2024,12/4/2023,77.43,USD
Carbon,ICE_EUA,JUN-2024,12/4/2023,78.39,USD
Carbon,ICE_EUA,AUG-2024,12/4/2023,78.92,USD
Carbon,ICE_EUA,SEP-2024,12/4/2023,79.30,USD
Carbon,ICE_EUA,OCT-2024,12/4/2023,79.30,USD
Carbon,ICE_EUA,DEC-2024,12/4/2023,79.89,USD
Carbon,ICE_EUA,JAN-2025,12/4/2023,79.89,USD
Carbon,ICE_EUA,MAR-2025,12/4/2023,80.82,USD
Carbon,ICE_EUA,APR-2025,12/4/2023,80.82,USD
Carbon,ICE_EUA,JUN-2025,12/4/2023,81.58,USD
Carbon,ICE_EUA,AUG-2025,12/4/2023,82.02,USD
Carbon,ICE_EUA,SEP-2025,12/4/2023,82.22,USD
Carbon,ICE_EUA,OCT-2025,12/4/2023,82.22,USD
Carbon,ICE_EUA,DEC-2025,12/4/2023,82.96,USD
Carbon,ICE_EUA,JAN-2026,12/4/2023,82.96,USD
Carbon,ICE_EUA,MAR-2026,12/4/2023,83.85,USD
Carbon,ICE_EUA,APR-2026,12/4/2023,83.85,USD
Carbon,ICE_EUA,MAY-2026,12/4/2023,83.85,USD
Carbon,ICE_EUA,JUN-2026,12/4/2023,83.85,USD
Carbon,ICE_EUA,AUG-2026,12/4/2023,85.00,USD
Carbon,ICE_EUA,SEP-2026,12/4/2023,85.00,USD
Carbon,ICE_EUA,OCT-2026,12/4/2023,85.00,USD
Carbon,ICE_EUA,DEC-2026,12/4/2023,86.17,USD
Carbon,ICE_EUA,DEC-2027,12/4/2023,89.66,USD
Carbon,ICE_EUA,DEC-2028,12/4/2023,93.16,USD
Carbon,ICE_EUA,DEC-2029,12/4/2023,96.65,USD
Carbon,ICE_EUA,DEC-2030,12/4/2023,96.65,USD
Carbon,ICE_EUA,SPOT,12/5/2023,74.60,USD
Carbon,ICE_EUA,JAN-2024,12/5/2023,75.01,USD
Carbon,ICE_EUA,FEB-2024,12/5/2023,75.26,USD
Carbon,ICE_EUA,MAR-2024,12/5/2023,75.51,USD
Carbon,ICE_EUA,APR-2024,12/5/2023,75.51,USD
Carbon,ICE_EUA,JUN-2024,12/5/2023,76.46,USD
Carbon,ICE_EUA,AUG-2024,12/5/2023,76.96,USD
Carbon,ICE_EUA,SEP-2024,12/5/2023,77.28,USD
Carbon,ICE_EUA,OCT-2024,12/5/2023,77.28,USD
Carbon,ICE_EUA,DEC-2024,12/5/2023,77.79,USD
Carbon,ICE_EUA,JAN-2025,12/5/2023,77.79,USD
Carbon,ICE_EUA,MAR-2025,12/5/2023,78.74,USD
Carbon,ICE_EUA,APR-2025,12/5/2023,78.74,USD
Carbon,ICE_EUA,JUN-2025,12/5/2023,79.47,USD
Carbon,ICE_EUA,AUG-2025,12/5/2023,79.88,USD
Carbon,ICE_EUA,SEP-2025,12/5/2023,80.05,USD
Carbon,ICE_EUA,OCT-2025,12/5/2023,80.05,USD
Carbon,ICE_EUA,DEC-2025,12/5/2023,80.78,USD
Carbon,ICE_EUA,JAN-2026,12/5/2023,80.78,USD
Carbon,ICE_EUA,MAR-2026,12/5/2023,81.67,USD
Carbon,ICE_EUA,APR-2026,12/5/2023,81.67,USD
Carbon,ICE_EUA,MAY-2026,12/5/2023,81.67,USD
Carbon,ICE_EUA,JUN-2026,12/5/2023,81.67,USD
Carbon,ICE_EUA,AUG-2026,12/5/2023,82.81,USD
Carbon,ICE_EUA,SEP-2026,12/5/2023,82.81,USD
Carbon,ICE_EUA,OCT-2026,12/5/2023,82.81,USD
Carbon,ICE_EUA,DEC-2026,12/5/2023,83.93,USD
Carbon,ICE_EUA,DEC-2027,12/5/2023,87.42,USD
Carbon,ICE_EUA,DEC-2028,12/5/2023,90.91,USD
Carbon,ICE_EUA,DEC-2029,12/5/2023,94.40,USD
Carbon,ICE_EUA,DEC-2030,12/5/2023,94.40,USD
Carbon,ICE_EUA,SPOT,12/6/2023,74.44,USD
Carbon,ICE_EUA,JAN-2024,12/6/2023,74.84,USD
Carbon,ICE_EUA,FEB-2024,12/6/2023,75.08,USD
Carbon,ICE_EUA,MAR-2024,12/6/2023,75.31,USD
Carbon,ICE_EUA,APR-2024,12/6/2023,75.31,USD
Carbon,ICE_EUA,JUN-2024,12/6/2023,76.25,USD
Carbon,ICE_EUA,AUG-2024,12/6/2023,76.77,USD
Carbon,ICE_EUA,SEP-2024,12/6/2023,77.09,USD
Carbon,ICE_EUA,OCT-2024,12/6/2023,77.09,USD
Carbon,ICE_EUA,DEC-2024,12/6/2023,77.62,USD
Carbon,ICE_EUA,JAN-2025,12/6/2023,77.62,USD
Carbon,ICE_EUA,MAR-2025,12/6/2023,78.55,USD
Carbon,ICE_EUA,APR-2025,12/6/2023,78.55,USD
Carbon,ICE_EUA,JUN-2025,12/6/2023,79.28,USD
Carbon,ICE_EUA,AUG-2025,12/6/2023,79.69,USD
Carbon,ICE_EUA,SEP-2025,12/6/2023,79.86,USD
Carbon,ICE_EUA,OCT-2025,12/6/2023,79.86,USD
Carbon,ICE_EUA,DEC-2025,12/6/2023,80.59,USD
Carbon,ICE_EUA,JAN-2026,12/6/2023,80.59,USD
Carbon,ICE_EUA,MAR-2026,12/6/2023,81.47,USD
Carbon,ICE_EUA,APR-2026,12/6/2023,81.47,USD
Carbon,ICE_EUA,MAY-2026,12/6/2023,81.47,USD
Carbon,ICE_EUA,JUN-2026,12/6/2023,81.47,USD
Carbon,ICE_EUA,AUG-2026,12/6/2023,82.59,USD
Carbon,ICE_EUA,SEP-2026,12/6/2023,82.59,USD
Carbon,ICE_EUA,OCT-2026,12/6/2023,82.59,USD
Carbon,ICE_EUA,DEC-2026,12/6/2023,83.72,USD
Carbon,ICE_EUA,DEC-2027,12/6/2023,87.20,USD
Carbon,ICE_EUA,DEC-2028,12/6/2023,90.67,USD
Carbon,ICE_EUA,DEC-2029,12/6/2023,94.14,USD
Carbon,ICE_EUA,DEC-2030,12/6/2023,94.14,USD
Carbon,ICE_EUA,SPOT,12/7/2023,75.07,USD
Carbon,ICE_EUA,JAN-2024,12/7/2023,75.47,USD
Carbon,ICE_EUA,FEB-2024,12/7/2023,75.72,USD
Carbon,ICE_EUA,MAR-2024,12/7/2023,75.95,USD
Carbon,ICE_EUA,APR-2024,12/7/2023,75.95,USD
Carbon,ICE_EUA,JUN-2024,12/7/2023,76.90,USD
Carbon,ICE_EUA,AUG-2024,12/7/2023,77.43,USD
Carbon,ICE_EUA,SEP-2024,12/7/2023,77.77,USD
Carbon,ICE_EUA,OCT-2024,12/7/2023,77.77,USD
Carbon,ICE_EUA,DEC-2024,12/7/2023,78.33,USD
Carbon,ICE_EUA,JAN-2025,12/7/2023,78.33,USD
Carbon,ICE_EUA,MAR-2025,12/7/2023,79.28,USD
Carbon,ICE_EUA,APR-2025,12/7/2023,79.28,USD
Carbon,ICE_EUA,JUN-2025,12/7/2023,80.01,USD
Carbon,ICE_EUA,AUG-2025,12/7/2023,80.42,USD
Carbon,ICE_EUA,SEP-2025,12/7/2023,80.59,USD
Carbon,ICE_EUA,OCT-2025,12/7/2023,80.59,USD
Carbon,ICE_EUA,DEC-2025,12/7/2023,81.31,USD
Carbon,ICE_EUA,JAN-2026,12/7/2023,81.31,USD
Carbon,ICE_EUA,MAR-2026,12/7/2023,82.19,USD
Carbon,ICE_EUA,APR-2026,12/7/2023,82.19,USD
Carbon,ICE_EUA,MAY-2026,12/7/2023,82.19,USD
Carbon,ICE_EUA,JUN-2026,12/7/2023,82.19,USD
Carbon,ICE_EUA,AUG-2026,12/7/2023,83.26,USD
Carbon,ICE_EUA,SEP-2026,12/7/2023,83.26,USD
Carbon,ICE_EUA,OCT-2026,12/7/2023,83.26,USD
Carbon,ICE_EUA,DEC-2026,12/7/2023,84.36,USD
Carbon,ICE_EUA,DEC-2027,12/7/2023,87.82,USD
Carbon,ICE_EUA,DEC-2028,12/7/2023,91.28,USD
Carbon,ICE_EUA,DEC-2029,12/7/2023,94.74,USD
Carbon,ICE_EUA,DEC-2030,12/7/2023,94.74,USD
Carbon,ICE_EUA,SPOT,12/8/2023,73.92,USD
Carbon,ICE_EUA,JAN-2024,12/8/2023,74.31,USD
Carbon,ICE_EUA,FEB-2024,12/8/2023,74.56,USD
Carbon,ICE_EUA,MAR-2024,12/8/2023,74.79,USD
Carbon,ICE_EUA,APR-2024,12/8/2023,74.79,USD
Carbon,ICE_EUA,JUN-2024,12/8/2023,75.74,USD
Carbon,ICE_EUA,AUG-2024,12/8/2023,76.28,USD
Carbon,ICE_EUA,SEP-2024,12/8/2023,76.65,USD
Carbon,ICE_EUA,OCT-2024,12/8/2023,76.65,USD
Carbon,ICE_EUA,DEC-2024,12/8/2023,77.22,USD
Carbon,ICE_EUA,JAN-2025,12/8/2023,77.22,USD
Carbon,ICE_EUA,MAR-2025,12/8/2023,78.17,USD
Carbon,ICE_EUA,APR-2025,12/8/2023,78.17,USD
Carbon,ICE_EUA,JUN-2025,12/8/2023,78.89,USD
Carbon,ICE_EUA,AUG-2025,12/8/2023,79.30,USD
Carbon,ICE_EUA,SEP-2025,12/8/2023,79.46,USD
Carbon,ICE_EUA,OCT-2025,12/8/2023,79.46,USD
Carbon,ICE_EUA,DEC-2025,12/8/2023,80.17,USD
Carbon,ICE_EUA,JAN-2026,12/8/2023,80.17,USD
Carbon,ICE_EUA,MAR-2026,12/8/2023,81.06,USD
Carbon,ICE_EUA,APR-2026,12/8/2023,81.06,USD
Carbon,ICE_EUA,MAY-2026,12/8/2023,81.06,USD
Carbon,ICE_EUA,JUN-2026,12/8/2023,81.06,USD
Carbon,ICE_EUA,AUG-2026,12/8/2023,82.13,USD
Carbon,ICE_EUA,SEP-2026,12/8/2023,82.13,USD
Carbon,ICE_EUA,OCT-2026,12/8/2023,82.13,USD
Carbon,ICE_EUA,DEC-2026,12/8/2023,83.21,USD
Carbon,ICE_EUA,DEC-2027,12/8/2023,86.66,USD
Carbon,ICE_EUA,DEC-2028,12/8/2023,90.12,USD
Carbon,ICE_EUA,DEC-2029,12/8/2023,93.58,USD
Carbon,ICE_EUA,DEC-2030,12/8/2023,93.58,USD
Carbon,ICE_EUA,SPOT,12/11/2023,72.51,USD
Carbon,ICE_EUA,JAN-2024,12/11/2023,72.91,USD
Carbon,ICE_EUA,FEB-2024,12/11/2023,73.13,USD
Carbon,ICE_EUA,MAR-2024,12/11/2023,73.36,USD
Carbon,ICE_EUA,APR-2024,12/11/2023,73.36,USD
Carbon,ICE_EUA,JUN-2024,12/11/2023,74.29,USD
Carbon,ICE_EUA,AUG-2024,12/11/2023,74.81,USD
Carbon,ICE_EUA,SEP-2024,12/11/2023,75.17,USD
Carbon,ICE_EUA,OCT-2024,12/11/2023,75.17,USD
Carbon,ICE_EUA,DEC-2024,12/11/2023,75.73,USD
Carbon,ICE_EUA,JAN-2025,12/11/2023,75.73,USD
Carbon,ICE_EUA,MAR-2025,12/11/2023,76.67,USD
Carbon,ICE_EUA,APR-2025,12/11/2023,76.67,USD
Carbon,ICE_EUA,JUN-2025,12/11/2023,77.38,USD
Carbon,ICE_EUA,AUG-2025,12/11/2023,77.78,USD
Carbon,ICE_EUA,SEP-2025,12/11/2023,77.93,USD
Carbon,ICE_EUA,OCT-2025,12/11/2023,77.93,USD
Carbon,ICE_EUA,DEC-2025,12/11/2023,78.65,USD
Carbon,ICE_EUA,JAN-2026,12/11/2023,78.65,USD
Carbon,ICE_EUA,MAR-2026,12/11/2023,79.57,USD
Carbon,ICE_EUA,APR-2026,12/11/2023,79.57,USD
Carbon,ICE_EUA,MAY-2026,12/11/2023,79.57,USD
Carbon,ICE_EUA,JUN-2026,12/11/2023,79.57,USD
Carbon,ICE_EUA,AUG-2026,12/11/2023,80.61,USD
Carbon,ICE_EUA,SEP-2026,12/11/2023,80.61,USD
Carbon,ICE_EUA,OCT-2026,12/11/2023,80.61,USD
Carbon,ICE_EUA,DEC-2026,12/11/2023,81.66,USD
Carbon,ICE_EUA,DEC-2027,12/11/2023,85.12,USD
Carbon,ICE_EUA,DEC-2028,12/11/2023,88.58,USD
Carbon,ICE_EUA,DEC-2029,12/11/2023,92.04,USD
Carbon,ICE_EUA,DEC-2030,12/11/2023,92.04,USD
Carbon,ICE_EUA,SPOT,12/12/2023,73.37,USD
Carbon,ICE_EUA,JAN-2024,12/12/2023,73.76,USD
Carbon,ICE_EUA,FEB-2024,12/12/2023,73.99,USD
Carbon,ICE_EUA,MAR-2024,12/12/2023,74.22,USD
Carbon,ICE_EUA,APR-2024,12/12/2023,74.22,USD
Carbon,ICE_EUA,JUN-2024,12/12/2023,75.14,USD
Carbon,ICE_EUA,AUG-2024,12/12/2023,75.67,USD
Carbon,ICE_EUA,SEP-2024,12/12/2023,76.02,USD
Carbon,ICE_EUA,OCT-2024,12/12/2023,76.02,USD
Carbon,ICE_EUA,DEC-2024,12/12/2023,76.57,USD
Carbon,ICE_EUA,JAN-2025,12/12/2023,76.57,USD
Carbon,ICE_EUA,MAR-2025,12/12/2023,77.50,USD
Carbon,ICE_EUA,APR-2025,12/12/2023,77.50,USD
Carbon,ICE_EUA,JUN-2025,12/12/2023,78.21,USD
Carbon,ICE_EUA,AUG-2025,12/12/2023,78.61,USD
Carbon,ICE_EUA,SEP-2025,12/12/2023,78.76,USD
Carbon,ICE_EUA,OCT-2025,12/12/2023,78.76,USD
Carbon,ICE_EUA,DEC-2025,12/12/2023,79.47,USD
Carbon,ICE_EUA,JAN-2026,12/12/2023,79.47,USD
Carbon,ICE_EUA,MAR-2026,12/12/2023,80.44,USD
Carbon,ICE_EUA,APR-2026,12/12/2023,80.44,USD
Carbon,ICE_EUA,MAY-2026,12/12/2023,80.44,USD
Carbon,ICE_EUA,JUN-2026,12/12/2023,80.44,USD
Carbon,ICE_EUA,AUG-2026,12/12/2023,81.46,USD
Carbon,ICE_EUA,SEP-2026,12/12/2023,81.46,USD
Carbon,ICE_EUA,OCT-2026,12/12/2023,81.46,USD
Carbon,ICE_EUA,DEC-2026,12/12/2023,82.49,USD
Carbon,ICE_EUA,DEC-2027,12/12/2023,85.78,USD
Carbon,ICE_EUA,DEC-2028,12/12/2023,89.23,USD
Carbon,ICE_EUA,DEC-2029,12/12/2023,92.68,USD
Carbon,ICE_EUA,DEC-2030,12/12/2023,92.68,USD
Carbon,ICE_EUA,SPOT,12/13/2023,74.44,USD
Carbon,ICE_EUA,JAN-2024,12/13/2023,74.85,USD
Carbon,ICE_EUA,FEB-2024,12/13/2023,75.06,USD
Carbon,ICE_EUA,MAR-2024,12/13/2023,75.29,USD
Carbon,ICE_EUA,APR-2024,12/13/2023,75.29,USD
Carbon,ICE_EUA,JUN-2024,12/13/2023,76.24,USD
Carbon,ICE_EUA,AUG-2024,12/13/2023,76.77,USD
Carbon,ICE_EUA,SEP-2024,12/13/2023,77.18,USD
Carbon,ICE_EUA,OCT-2024,12/13/2023,77.18,USD
Carbon,ICE_EUA,DEC-2024,12/13/2023,77.78,USD
Carbon,ICE_EUA,JAN-2025,12/13/2023,77.78,USD
Carbon,ICE_EUA,MAR-2025,12/13/2023,78.72,USD
Carbon,ICE_EUA,APR-2025,12/13/2023,78.72,USD
Carbon,ICE_EUA,JUN-2025,12/13/2023,79.42,USD
Carbon,ICE_EUA,AUG-2025,12/13/2023,79.81,USD
Carbon,ICE_EUA,SEP-2025,12/13/2023,79.95,USD
Carbon,ICE_EUA,OCT-2025,12/13/2023,79.95,USD
Carbon,ICE_EUA,DEC-2025,12/13/2023,80.66,USD
Carbon,ICE_EUA,JAN-2026,12/13/2023,80.66,USD
Carbon,ICE_EUA,MAR-2026,12/13/2023,81.64,USD
Carbon,ICE_EUA,APR-2026,12/13/2023,81.64,USD
Carbon,ICE_EUA,MAY-2026,12/13/2023,81.64,USD
Carbon,ICE_EUA,JUN-2026,12/13/2023,81.64,USD
Carbon,ICE_EUA,AUG-2026,12/13/2023,82.62,USD
Carbon,ICE_EUA,SEP-2026,12/13/2023,82.62,USD
Carbon,ICE_EUA,OCT-2026,12/13/2023,82.62,USD
Carbon,ICE_EUA,DEC-2026,12/13/2023,83.63,USD
Carbon,ICE_EUA,DEC-2027,12/13/2023,86.92,USD
Carbon,ICE_EUA,DEC-2028,12/13/2023,90.20,USD
Carbon,ICE_EUA,DEC-2029,12/13/2023,93.60,USD
Carbon,ICE_EUA,DEC-2030,12/13/2023,93.60,USD
Carbon,ICE_EUA,SPOT,12/14/2023,72.05,USD
Carbon,ICE_EUA,JAN-2024,12/14/2023,72.42,USD
Carbon,ICE_EUA,FEB-2024,12/14/2023,72.63,USD
Carbon,ICE_EUA,MAR-2024,12/14/2023,72.87,USD
Carbon,ICE_EUA,APR-2024,12/14/2023,72.87,USD
Carbon,ICE_EUA,JUN-2024,12/14/2023,73.79,USD
Carbon,ICE_EUA,AUG-2024,12/14/2023,74.32,USD
Carbon,ICE_EUA,SEP-2024,12/14/2023,74.62,USD
Carbon,ICE_EUA,OCT-2024,12/14/2023,74.62,USD
Carbon,ICE_EUA,DEC-2024,12/14/2023,75.12,USD
Carbon,ICE_EUA,JAN-2025,12/14/2023,75.12,USD
Carbon,ICE_EUA,MAR-2025,12/14/2023,76.03,USD
Carbon,ICE_EUA,APR-2025,12/14/2023,76.03,USD
Carbon,ICE_EUA,JUN-2025,12/14/2023,76.69,USD
Carbon,ICE_EUA,AUG-2025,12/14/2023,77.03,USD
Carbon,ICE_EUA,SEP-2025,12/14/2023,77.14,USD
Carbon,ICE_EUA,OCT-2025,12/14/2023,77.14,USD
Carbon,ICE_EUA,DEC-2025,12/14/2023,77.82,USD
Carbon,ICE_EUA,JAN-2026,12/14/2023,77.82,USD
Carbon,ICE_EUA,MAR-2026,12/14/2023,78.81,USD
Carbon,ICE_EUA,APR-2026,12/14/2023,78.81,USD
Carbon,ICE_EUA,MAY-2026,12/14/2023,78.81,USD
Carbon,ICE_EUA,JUN-2026,12/14/2023,78.81,USD
Carbon,ICE_EUA,AUG-2026,12/14/2023,79.74,USD
Carbon,ICE_EUA,SEP-2026,12/14/2023,79.74,USD
Carbon,ICE_EUA,OCT-2026,12/14/2023,79.74,USD
Carbon,ICE_EUA,DEC-2026,12/14/2023,80.73,USD
Carbon,ICE_EUA,DEC-2027,12/14/2023,83.85,USD
Carbon,ICE_EUA,DEC-2028,12/14/2023,86.87,USD
Carbon,ICE_EUA,DEC-2029,12/14/2023,90.21,USD
Carbon,ICE_EUA,DEC-2030,12/14/2023,90.21,USD
Carbon,ICE_EUA,SPOT,12/15/2023,72.45,USD
Carbon,ICE_EUA,JAN-2024,12/15/2023,72.83,USD
Carbon,ICE_EUA,FEB-2024,12/15/2023,73.03,USD
Carbon,ICE_EUA,MAR-2024,12/15/2023,73.26,USD
Carbon,ICE_EUA,APR-2024,12/15/2023,73.26,USD
Carbon,ICE_EUA,JUN-2024,12/15/2023,74.21,USD
Carbon,ICE_EUA,AUG-2024,12/15/2023,74.75,USD
Carbon,ICE_EUA,SEP-2024,12/15/2023,75.07,USD
Carbon,ICE_EUA,OCT-2024,12/15/2023,75.07,USD
Carbon,ICE_EUA,DEC-2024,12/15/2023,75.58,USD
Carbon,ICE_EUA,JAN-2025,12/15/2023,75.58,USD
Carbon,ICE_EUA,MAR-2025,12/15/2023,76.52,USD
Carbon,ICE_EUA,APR-2025,12/15/2023,76.52,USD
Carbon,ICE_EUA,JUN-2025,12/15/2023,77.17,USD
Carbon,ICE_EUA,AUG-2025,12/15/2023,77.49,USD
Carbon,ICE_EUA,SEP-2025,12/15/2023,77.58,USD
Carbon,ICE_EUA,OCT-2025,12/15/2023,77.58,USD
Carbon,ICE_EUA,DEC-2025,12/15/2023,78.25,USD
Carbon,ICE_EUA,JAN-2026,12/15/2023,78.25,USD
Carbon,ICE_EUA,MAR-2026,12/15/2023,79.26,USD
Carbon,ICE_EUA,APR-2026,12/15/2023,79.26,USD
Carbon,ICE_EUA,MAY-2026,12/15/2023,79.26,USD
Carbon,ICE_EUA,JUN-2026,12/15/2023,79.26,USD
Carbon,ICE_EUA,AUG-2026,12/15/2023,80.20,USD
Carbon,ICE_EUA,SEP-2026,12/15/2023,80.20,USD
Carbon,ICE_EUA,OCT-2026,12/15/2023,80.20,USD
Carbon,ICE_EUA,DEC-2026,12/15/2023,81.21,USD
Carbon,ICE_EUA,DEC-2027,12/15/2023,84.36,USD
Carbon,ICE_EUA,DEC-2028,12/15/2023,87.42,USD
Carbon,ICE_EUA,DEC-2029,12/15/2023,90.80,USD
Carbon,ICE_EUA,DEC-2030,12/15/2023,90.80,USD
Carbon,ICE_EUA,SPOT,12/18/2023,75.62,USD
Carbon,ICE_EUA,JAN-2024,12/18/2023,76.01,USD
Carbon,ICE_EUA,FEB-2024,12/18/2023,76.22,USD
Carbon,ICE_EUA,MAR-2024,12/18/2023,76.47,USD
Carbon,ICE_EUA,APR-2024,12/18/2023,76.47,USD
Carbon,ICE_EUA,JUN-2024,12/18/2023,77.42,USD
Carbon,ICE_EUA,AUG-2024,12/18/2023,77.98,USD
Carbon,ICE_EUA,SEP-2024,12/18/2023,78.31,USD
Carbon,ICE_EUA,OCT-2024,12/18/2023,78.31,USD
Carbon,ICE_EUA,DEC-2024,12/18/2023,78.81,USD
Carbon,ICE_EUA,JAN-2025,12/18/2023,78.81,USD
Carbon,ICE_EUA,MAR-2025,12/18/2023,79.76,USD
Carbon,ICE_EUA,APR-2025,12/18/2023,79.76,USD
Carbon,ICE_EUA,JUN-2025,12/18/2023,80.42,USD
Carbon,ICE_EUA,AUG-2025,12/18/2023,80.76,USD
Carbon,ICE_EUA,SEP-2025,12/18/2023,80.88,USD
Carbon,ICE_EUA,OCT-2025,12/18/2023,80.88,USD
Carbon,ICE_EUA,DEC-2025,12/18/2023,81.57,USD
Carbon,ICE_EUA,JAN-2026,12/18/2023,81.57,USD
Carbon,ICE_EUA,MAR-2026,12/18/2023,82.58,USD
Carbon,ICE_EUA,APR-2026,12/18/2023,82.58,USD
Carbon,ICE_EUA,MAY-2026,12/18/2023,82.58,USD
Carbon,ICE_EUA,JUN-2026,12/18/2023,82.58,USD
Carbon,ICE_EUA,AUG-2026,12/18/2023,83.45,USD
Carbon,ICE_EUA,SEP-2026,12/18/2023,83.45,USD
Carbon,ICE_EUA,OCT-2026,12/18/2023,83.45,USD
Carbon,ICE_EUA,DEC-2026,12/18/2023,84.44,USD
Carbon,ICE_EUA,DEC-2027,12/18/2023,87.83,USD
Carbon,ICE_EUA,DEC-2028,12/18/2023,90.68,USD
Carbon,ICE_EUA,DEC-2029,12/18/2023,93.52,USD
Carbon,ICE_EUA,DEC-2030,12/18/2023,93.52,USD
Carbon,ICE_EUA,JAN-2024,12/19/2023,75.59,USD
Carbon,ICE_EUA,FEB-2024,12/19/2023,75.79,USD
Carbon,ICE_EUA,MAR-2024,12/19/2023,76.04,USD
Carbon,ICE_EUA,APR-2024,12/19/2023,76.04,USD
Carbon,ICE_EUA,JUN-2024,12/19/2023,77.02,USD
Carbon,ICE_EUA,AUG-2024,12/19/2023,77.57,USD
Carbon,ICE_EUA,SEP-2024,12/19/2023,77.81,USD
Carbon,ICE_EUA,OCT-2024,12/19/2023,77.81,USD
Carbon,ICE_EUA,DEC-2024,12/19/2023,78.32,USD
Carbon,ICE_EUA,JAN-2025,12/19/2023,78.32,USD
Carbon,ICE_EUA,MAR-2025,12/19/2023,79.27,USD
Carbon,ICE_EUA,APR-2025,12/19/2023,79.27,USD
Carbon,ICE_EUA,JUN-2025,12/19/2023,79.92,USD
Carbon,ICE_EUA,AUG-2025,12/19/2023,80.26,USD
Carbon,ICE_EUA,SEP-2025,12/19/2023,80.38,USD
Carbon,ICE_EUA,OCT-2025,12/19/2023,80.38,USD
Carbon,ICE_EUA,DEC-2025,12/19/2023,81.06,USD
Carbon,ICE_EUA,JAN-2026,12/19/2023,81.06,USD
Carbon,ICE_EUA,MAR-2026,12/19/2023,82.06,USD
Carbon,ICE_EUA,APR-2026,12/19/2023,82.06,USD
Carbon,ICE_EUA,MAY-2026,12/19/2023,82.06,USD
Carbon,ICE_EUA,JUN-2026,12/19/2023,82.06,USD
Carbon,ICE_EUA,AUG-2026,12/19/2023,82.94,USD
Carbon,ICE_EUA,SEP-2026,12/19/2023,82.94,USD
Carbon,ICE_EUA,OCT-2026,12/19/2023,82.94,USD
Carbon,ICE_EUA,DEC-2026,12/19/2023,83.94,USD
Carbon,ICE_EUA,DEC-2027,12/19/2023,87.00,USD
Carbon,ICE_EUA,DEC-2028,12/19/2023,90.05,USD
Carbon,ICE_EUA,DEC-2029,12/19/2023,93.11,USD
Carbon,ICE_EUA,DEC-2030,12/19/2023,96.17,USD
Carbon,ICE_EUA,DEC-2031,12/19/2023,96.17,USD
Carbon,ICE_EUA,JAN-2024,12/20/2023,79.94,USD
Carbon,ICE_EUA,FEB-2024,12/20/2023,80.21,USD
Carbon,ICE_EUA,MAR-2024,12/20/2023,80.43,USD
Carbon,ICE_EUA,APR-2024,12/20/2023,80.43,USD
Carbon,ICE_EUA,JUN-2024,12/20/2023,81.46,USD
Carbon,ICE_EUA,AUG-2024,12/20/2023,82.00,USD
Carbon,ICE_EUA,SEP-2024,12/20/2023,82.25,USD
Carbon,ICE_EUA,OCT-2024,12/20/2023,82.25,USD
Carbon,ICE_EUA,DEC-2024,12/20/2023,82.80,USD
Carbon,ICE_EUA,JAN-2025,12/20/2023,82.80,USD
Carbon,ICE_EUA,MAR-2025,12/20/2023,83.75,USD
Carbon,ICE_EUA,APR-2025,12/20/2023,83.75,USD
Carbon,ICE_EUA,JUN-2025,12/20/2023,84.41,USD
Carbon,ICE_EUA,AUG-2025,12/20/2023,84.74,USD
Carbon,ICE_EUA,SEP-2025,12/20/2023,84.86,USD
Carbon,ICE_EUA,OCT-2025,12/20/2023,84.86,USD
Carbon,ICE_EUA,DEC-2025,12/20/2023,85.54,USD
Carbon,ICE_EUA,JAN-2026,12/20/2023,85.54,USD
Carbon,ICE_EUA,MAR-2026,12/20/2023,86.56,USD
Carbon,ICE_EUA,APR-2026,12/20/2023,86.56,USD
Carbon,ICE_EUA,MAY-2026,12/20/2023,86.56,USD
Carbon,ICE_EUA,JUN-2026,12/20/2023,86.56,USD
Carbon,ICE_EUA,AUG-2026,12/20/2023,87.47,USD
Carbon,ICE_EUA,SEP-2026,12/20/2023,87.47,USD
Carbon,ICE_EUA,OCT-2026,12/20/2023,87.47,USD
Carbon,ICE_EUA,DEC-2026,12/20/2023,88.39,USD
Carbon,ICE_EUA,DEC-2027,12/20/2023,91.46,USD
Carbon,ICE_EUA,DEC-2028,12/20/2023,94.53,USD
Carbon,ICE_EUA,DEC-2029,12/20/2023,97.60,USD
Carbon,ICE_EUA,DEC-2030,12/20/2023,100.66,USD
Carbon,ICE_EUA,DEC-2031,12/20/2023,100.66,USD
Carbon,ICE_EUA,JAN-2024,12/21/2023,82.28,USD
Carbon,ICE_EUA,FEB-2024,12/21/2023,82.55,USD
Carbon,ICE_EUA,MAR-2024,12/21/2023,82.79,USD
Carbon,ICE_EUA,APR-2024,12/21/2023,82.79,USD
Carbon,ICE_EUA,JUN-2024,12/21/2023,84.04,USD
Carbon,ICE_EUA,AUG-2024,12/21/2023,84.37,USD
Carbon,ICE_EUA,SEP-2024,12/21/2023,84.67,USD
Carbon,ICE_EUA,OCT-2024,12/21/2023,84.67,USD
Carbon,ICE_EUA,DEC-2024,12/21/2023,85.23,USD
Carbon,ICE_EUA,JAN-2025,12/21/2023,85.23,USD
Carbon,ICE_EUA,MAR-2025,12/21/2023,86.13,USD
Carbon,ICE_EUA,APR-2025,12/21/2023,86.13,USD
Carbon,ICE_EUA,JUN-2025,12/21/2023,86.81,USD
Carbon,ICE_EUA,AUG-2025,12/21/2023,87.16,USD
Carbon,ICE_EUA,SEP-2025,12/21/2023,87.30,USD
Carbon,ICE_EUA,OCT-2025,12/21/2023,87.30,USD
Carbon,ICE_EUA,DEC-2025,12/21/2023,88.00,USD
Carbon,ICE_EUA,JAN-2026,12/21/2023,88.00,USD
Carbon,ICE_EUA,MAR-2026,12/21/2023,89.02,USD
Carbon,ICE_EUA,APR-2026,12/21/2023,89.02,USD
Carbon,ICE_EUA,MAY-2026,12/21/2023,89.02,USD
Carbon,ICE_EUA,JUN-2026,12/21/2023,89.02,USD
Carbon,ICE_EUA,AUG-2026,12/21/2023,89.97,USD
Carbon,ICE_EUA,SEP-2026,12/21/2023,89.97,USD
Carbon,ICE_EUA,OCT-2026,12/21/2023,89.97,USD
Carbon,ICE_EUA,DEC-2026,12/21/2023,90.93,USD
Carbon,ICE_EUA,DEC-2027,12/21/2023,94.00,USD
Carbon,ICE_EUA,DEC-2028,12/21/2023,97.06,USD
Carbon,ICE_EUA,DEC-2029,12/21/2023,100.13,USD
Carbon,ICE_EUA,DEC-2030,12/21/2023,103.19,USD
Carbon,ICE_EUA,DEC-2031,12/21/2023,103.19,USD
Carbon,ICE_EUA,JAN-2024,12/22/2023,82.57,USD
Carbon,ICE_EUA,FEB-2024,12/22/2023,82.85,USD
Carbon,ICE_EUA,MAR-2024,12/22/2023,83.09,USD
Carbon,ICE_EUA,APR-2024,12/22/2023,83.09,USD
Carbon,ICE_EUA,JUN-2024,12/22/2023,84.34,USD
Carbon,ICE_EUA,AUG-2024,12/22/2023,84.67,USD
Carbon,ICE_EUA,SEP-2024,12/22/2023,84.98,USD
Carbon,ICE_EUA,OCT-2024,12/22/2023,84.98,USD
Carbon,ICE_EUA,DEC-2024,12/22/2023,85.54,USD
Carbon,ICE_EUA,JAN-2025,12/22/2023,85.54,USD
Carbon,ICE_EUA,MAR-2025,12/22/2023,86.44,USD
Carbon,ICE_EUA,APR-2025,12/22/2023,86.44,USD
Carbon,ICE_EUA,JUN-2025,12/22/2023,87.12,USD
Carbon,ICE_EUA,AUG-2025,12/22/2023,87.47,USD
Carbon,ICE_EUA,SEP-2025,12/22/2023,87.61,USD
Carbon,ICE_EUA,OCT-2025,12/22/2023,87.61,USD
Carbon,ICE_EUA,DEC-2025,12/22/2023,88.31,USD
Carbon,ICE_EUA,JAN-2026,12/22/2023,88.31,USD
Carbon,ICE_EUA,MAR-2026,12/22/2023,89.34,USD
Carbon,ICE_EUA,APR-2026,12/22/2023,89.34,USD
Carbon,ICE_EUA,MAY-2026,12/22/2023,89.34,USD
Carbon,ICE_EUA,JUN-2026,12/22/2023,89.34,USD
Carbon,ICE_EUA,AUG-2026,12/22/2023,90.29,USD
Carbon,ICE_EUA,SEP-2026,12/22/2023,90.29,USD
Carbon,ICE_EUA,OCT-2026,12/22/2023,90.29,USD
Carbon,ICE_EUA,DEC-2026,12/22/2023,91.26,USD
Carbon,ICE_EUA,DEC-2027,12/22/2023,94.33,USD
Carbon,ICE_EUA,DEC-2028,12/22/2023,97.41,USD
Carbon,ICE_EUA,DEC-2029,12/22/2023,100.48,USD
Carbon,ICE_EUA,DEC-2030,12/22/2023,103.56,USD
Carbon,ICE_EUA,DEC-2031,12/22/2023,103.56,USD
Carbon,ICE_EUA,JAN-2024,12/25/2023,83.95,USD
Carbon,ICE_EUA,FEB-2024,12/25/2023,84.22,USD
Carbon,ICE_EUA,MAR-2024,12/25/2023,84.48,USD
Carbon,ICE_EUA,APR-2024,12/25/2023,84.48,USD
Carbon,ICE_EUA,JUN-2024,12/25/2023,85.77,USD
Carbon,ICE_EUA,AUG-2024,12/25/2023,86.10,USD
Carbon,ICE_EUA,SEP-2024,12/25/2023,86.41,USD
Carbon,ICE_EUA,OCT-2024,12/25/2023,86.41,USD
Carbon,ICE_EUA,DEC-2024,12/25/2023,86.97,USD
Carbon,ICE_EUA,JAN-2025,12/25/2023,86.97,USD
Carbon,ICE_EUA,MAR-2025,12/25/2023,87.84,USD
Carbon,ICE_EUA,APR-2025,12/25/2023,87.84,USD
Carbon,ICE_EUA,JUN-2025,12/25/2023,88.53,USD
Carbon,ICE_EUA,AUG-2025,12/25/2023,88.88,USD
Carbon,ICE_EUA,SEP-2025,12/25/2023,89.02,USD
Carbon,ICE_EUA,OCT-2025,12/25/2023,89.02,USD
Carbon,ICE_EUA,DEC-2025,12/25/2023,89.72,USD
Carbon,ICE_EUA,JAN-2026,12/25/2023,89.72,USD
Carbon,ICE_EUA,MAR-2026,12/25/2023,90.72,USD
Carbon,ICE_EUA,APR-2026,12/25/2023,90.72,USD
Carbon,ICE_EUA,MAY-2026,12/25/2023,90.72,USD
Carbon,ICE_EUA,JUN-2026,12/25/2023,90.72,USD
Carbon,ICE_EUA,AUG-2026,12/25/2023,91.68,USD
Carbon,ICE_EUA,SEP-2026,12/25/2023,91.68,USD
Carbon,ICE_EUA,OCT-2026,12/25/2023,91.68,USD
Carbon,ICE_EUA,DEC-2026,12/25/2023,92.64,USD
Carbon,ICE_EUA,DEC-2027,12/25/2023,95.72,USD
Carbon,ICE_EUA,DEC-2028,12/25/2023,98.81,USD
Carbon,ICE_EUA,DEC-2029,12/25/2023,101.90,USD
Carbon,ICE_EUA,DEC-2030,12/25/2023,104.98,USD
Carbon,ICE_EUA,DEC-2031,12/25/2023,104.98,USD
Carbon,ICE_EUA,JAN-2024,12/26/2023,83.95,USD
Carbon,ICE_EUA,FEB-2024,12/26/2023,84.22,USD
Carbon,ICE_EUA,MAR-2024,12/26/2023,84.48,USD
Carbon,ICE_EUA,APR-2024,12/26/2023,84.48,USD
Carbon,ICE_EUA,JUN-2024,12/26/2023,85.77,USD
Carbon,ICE_EUA,AUG-2024,12/26/2023,86.10,USD
Carbon,ICE_EUA,SEP-2024,12/26/2023,86.41,USD
Carbon,ICE_EUA,OCT-2024,12/26/2023,86.41,USD
Carbon,ICE_EUA,DEC-2024,12/26/2023,86.97,USD
Carbon,ICE_EUA,JAN-2025,12/26/2023,86.97,USD
Carbon,ICE_EUA,MAR-2025,12/26/2023,87.84,USD
Carbon,ICE_EUA,APR-2025,12/26/2023,87.84,USD
Carbon,ICE_EUA,JUN-2025,12/26/2023,88.53,USD
Carbon,ICE_EUA,AUG-2025,12/26/2023,88.88,USD
Carbon,ICE_EUA,SEP-2025,12/26/2023,89.02,USD
Carbon,ICE_EUA,OCT-2025,12/26/2023,89.02,USD
Carbon,ICE_EUA,DEC-2025,12/26/2023,89.72,USD
Carbon,ICE_EUA,JAN-2026,12/26/2023,89.72,USD
Carbon,ICE_EUA,MAR-2026,12/26/2023,90.72,USD
Carbon,ICE_EUA,APR-2026,12/26/2023,90.72,USD
Carbon,ICE_EUA,MAY-2026,12/26/2023,90.72,USD
Carbon,ICE_EUA,JUN-2026,12/26/2023,90.72,USD
Carbon,ICE_EUA,AUG-2026,12/26/2023,91.68,USD
Carbon,ICE_EUA,SEP-2026,12/26/2023,91.68,USD
Carbon,ICE_EUA,OCT-2026,12/26/2023,91.68,USD
Carbon,ICE_EUA,DEC-2026,12/26/2023,92.64,USD
Carbon,ICE_EUA,DEC-2027,12/26/2023,95.72,USD
Carbon,ICE_EUA,DEC-2028,12/26/2023,98.81,USD
Carbon,ICE_EUA,DEC-2029,12/26/2023,101.90,USD
Carbon,ICE_EUA,DEC-2030,12/26/2023,104.98,USD
Carbon,ICE_EUA,DEC-2031,12/26/2023,104.98,USD
Carbon,ICE_EUA,JAN-2024,12/27/2023,85.13,USD
Carbon,ICE_EUA,FEB-2024,12/27/2023,85.41,USD
Carbon,ICE_EUA,MAR-2024,12/27/2023,85.67,USD
Carbon,ICE_EUA,APR-2024,12/27/2023,85.67,USD
Carbon,ICE_EUA,JUN-2024,12/27/2023,86.95,USD
Carbon,ICE_EUA,AUG-2024,12/27/2023,87.26,USD
Carbon,ICE_EUA,SEP-2024,12/27/2023,87.58,USD
Carbon,ICE_EUA,OCT-2024,12/27/2023,87.58,USD
Carbon,ICE_EUA,DEC-2024,12/27/2023,88.17,USD
Carbon,ICE_EUA,JAN-2025,12/27/2023,88.17,USD
Carbon,ICE_EUA,MAR-2025,12/27/2023,89.03,USD
Carbon,ICE_EUA,APR-2025,12/27/2023,89.03,USD
Carbon,ICE_EUA,JUN-2025,12/27/2023,89.71,USD
Carbon,ICE_EUA,AUG-2025,12/27/2023,90.06,USD
Carbon,ICE_EUA,SEP-2025,12/27/2023,90.20,USD
Carbon,ICE_EUA,OCT-2025,12/27/2023,90.20,USD
Carbon,ICE_EUA,DEC-2025,12/27/2023,90.90,USD
Carbon,ICE_EUA,JAN-2026,12/27/2023,90.90,USD
Carbon,ICE_EUA,MAR-2026,12/27/2023,91.87,USD
Carbon,ICE_EUA,APR-2026,12/27/2023,91.87,USD
Carbon,ICE_EUA,MAY-2026,12/27/2023,91.87,USD
Carbon,ICE_EUA,JUN-2026,12/27/2023,91.87,USD
Carbon,ICE_EUA,AUG-2026,12/27/2023,92.79,USD
Carbon,ICE_EUA,SEP-2026,12/27/2023,92.79,USD
Carbon,ICE_EUA,OCT-2026,12/27/2023,92.79,USD
Carbon,ICE_EUA,DEC-2026,12/27/2023,93.74,USD
Carbon,ICE_EUA,DEC-2027,12/27/2023,96.83,USD
Carbon,ICE_EUA,DEC-2028,12/27/2023,99.91,USD
Carbon,ICE_EUA,DEC-2029,12/27/2023,103.00,USD
Carbon,ICE_EUA,DEC-2030,12/27/2023,106.09,USD
Carbon,ICE_EUA,DEC-2031,12/27/2023,106.09,USD
Carbon,ICE_EUA,JAN-2024,12/28/2023,85.68,USD
Carbon,ICE_EUA,FEB-2024,12/28/2023,85.96,USD
Carbon,ICE_EUA,MAR-2024,12/28/2023,86.24,USD
Carbon,ICE_EUA,APR-2024,12/28/2023,86.24,USD
Carbon,ICE_EUA,JUN-2024,12/28/2023,87.52,USD
Carbon,ICE_EUA,AUG-2024,12/28/2023,87.83,USD
Carbon,ICE_EUA,SEP-2024,12/28/2023,88.11,USD
Carbon,ICE_EUA,OCT-2024,12/28/2023,88.11,USD
Carbon,ICE_EUA,DEC-2024,12/28/2023,88.74,USD
Carbon,ICE_EUA,JAN-2025,12/28/2023,88.74,USD
Carbon,ICE_EUA,MAR-2025,12/28/2023,89.58,USD
Carbon,ICE_EUA,APR-2025,12/28/2023,89.58,USD
Carbon,ICE_EUA,JUN-2025,12/28/2023,90.24,USD
Carbon,ICE_EUA,AUG-2025,12/28/2023,90.58,USD
Carbon,ICE_EUA,SEP-2025,12/28/2023,90.70,USD
Carbon,ICE_EUA,OCT-2025,12/28/2023,90.70,USD
Carbon,ICE_EUA,DEC-2025,12/28/2023,91.36,USD
Carbon,ICE_EUA,JAN-2026,12/28/2023,91.36,USD
Carbon,ICE_EUA,MAR-2026,12/28/2023,92.39,USD
Carbon,ICE_EUA,APR-2026,12/28/2023,92.39,USD
Carbon,ICE_EUA,MAY-2026,12/28/2023,92.39,USD
Carbon,ICE_EUA,JUN-2026,12/28/2023,92.39,USD
Carbon,ICE_EUA,AUG-2026,12/28/2023,93.22,USD
Carbon,ICE_EUA,SEP-2026,12/28/2023,93.22,USD
Carbon,ICE_EUA,OCT-2026,12/28/2023,93.22,USD
Carbon,ICE_EUA,DEC-2026,12/28/2023,94.05,USD
Carbon,ICE_EUA,DEC-2027,12/28/2023,97.15,USD
Carbon,ICE_EUA,DEC-2028,12/28/2023,100.25,USD
Carbon,ICE_EUA,DEC-2029,12/28/2023,103.35,USD
Carbon,ICE_EUA,DEC-2030,12/28/2023,106.45,USD
Carbon,ICE_EUA,DEC-2031,12/28/2023,106.45,USD
Carbon,ICE_EUA,JAN-2024,12/29/2023,86.19,USD
Carbon,ICE_EUA,FEB-2024,12/29/2023,86.53,USD
Carbon,ICE_EUA,MAR-2024,12/29/2023,86.76,USD
Carbon,ICE_EUA,APR-2024,12/29/2023,86.76,USD
Carbon,ICE_EUA,JUN-2024,12/29/2023,88.05,USD
Carbon,ICE_EUA,AUG-2024,12/29/2023,88.45,USD
Carbon,ICE_EUA,SEP-2024,12/29/2023,88.70,USD
Carbon,ICE_EUA,OCT-2024,12/29/2023,88.70,USD
Carbon,ICE_EUA,DEC-2024,12/29/2023,89.32,USD
Carbon,ICE_EUA,JAN-2025,12/29/2023,89.32,USD
Carbon,ICE_EUA,MAR-2025,12/29/2023,90.27,USD
Carbon,ICE_EUA,APR-2025,12/29/2023,90.27,USD
Carbon,ICE_EUA,JUN-2025,12/29/2023,90.91,USD
Carbon,ICE_EUA,AUG-2025,12/29/2023,91.24,USD
Carbon,ICE_EUA,SEP-2025,12/29/2023,91.46,USD
Carbon,ICE_EUA,OCT-2025,12/29/2023,91.46,USD
Carbon,ICE_EUA,DEC-2025,12/29/2023,92.10,USD
Carbon,ICE_EUA,JAN-2026,12/29/2023,92.10,USD
Carbon,ICE_EUA,MAR-2026,12/29/2023,93.15,USD
Carbon,ICE_EUA,APR-2026,12/29/2023,93.15,USD
Carbon,ICE_EUA,MAY-2026,12/29/2023,93.15,USD
Carbon,ICE_EUA,JUN-2026,12/29/2023,93.15,USD
Carbon,ICE_EUA,AUG-2026,12/29/2023,93.97,USD
Carbon,ICE_EUA,SEP-2026,12/29/2023,93.97,USD
Carbon,ICE_EUA,OCT-2026,12/29/2023,93.97,USD
Carbon,ICE_EUA,DEC-2026,12/29/2023,94.80,USD
Carbon,ICE_EUA,DEC-2027,12/29/2023,97.40,USD
Carbon,ICE_EUA,DEC-2028,12/29/2023,100.17,USD
Carbon,ICE_EUA,DEC-2029,12/29/2023,103.28,USD
Carbon,ICE_EUA,DEC-2030,12/29/2023,106.39,USD
Carbon,ICE_EUA,DEC-2031,12/29/2023,106.39,USD
Carbon,ICE_EUA,SPOT,1/1/2024,85.69,USD
Carbon,ICE_EUA,FEB-2024,1/1/2024,86.04,USD
Carbon,ICE_EUA,MAR-2024,1/1/2024,86.26,USD
Carbon,ICE_EUA,APR-2024,1/1/2024,86.26,USD
Carbon,ICE_EUA,JUN-2024,1/1/2024,87.54,USD
Carbon,ICE_EUA,AUG-2024,1/1/2024,87.94,USD
Carbon,ICE_EUA,SEP-2024,1/1/2024,88.19,USD
Carbon,ICE_EUA,OCT-2024,1/1/2024,88.19,USD
Carbon,ICE_EUA,DEC-2024,1/1/2024,88.81,USD
Carbon,ICE_EUA,JAN-2025,1/1/2024,88.81,USD
Carbon,ICE_EUA,MAR-2025,1/1/2024,89.75,USD
Carbon,ICE_EUA,APR-2025,1/1/2024,89.75,USD
Carbon,ICE_EUA,JUN-2025,1/1/2024,90.39,USD
Carbon,ICE_EUA,AUG-2025,1/1/2024,90.71,USD
Carbon,ICE_EUA,SEP-2025,1/1/2024,90.93,USD
Carbon,ICE_EUA,OCT-2025,1/1/2024,90.93,USD
Carbon,ICE_EUA,DEC-2025,1/1/2024,91.57,USD
Carbon,ICE_EUA,JAN-2026,1/1/2024,91.57,USD
Carbon,ICE_EUA,MAR-2026,1/1/2024,92.61,USD
Carbon,ICE_EUA,APR-2026,1/1/2024,92.61,USD
Carbon,ICE_EUA,MAY-2026,1/1/2024,92.61,USD
Carbon,ICE_EUA,JUN-2026,1/1/2024,92.61,USD
Carbon,ICE_EUA,AUG-2026,1/1/2024,93.43,USD
Carbon,ICE_EUA,SEP-2026,1/1/2024,93.43,USD
Carbon,ICE_EUA,OCT-2026,1/1/2024,93.43,USD
Carbon,ICE_EUA,DEC-2026,1/1/2024,94.26,USD
Carbon,ICE_EUA,DEC-2027,1/1/2024,96.84,USD
Carbon,ICE_EUA,DEC-2028,1/1/2024,99.59,USD
Carbon,ICE_EUA,DEC-2029,1/1/2024,102.69,USD
Carbon,ICE_EUA,DEC-2030,1/1/2024,105.78,USD
Carbon,ICE_EUA,DEC-2031,1/1/2024,105.78,USD
Carbon,ICE_EUA,SPOT,1/2/2024,81.11,USD
Carbon,ICE_EUA,FEB-2024,1/2/2024,81.38,USD
Carbon,ICE_EUA,MAR-2024,1/2/2024,81.58,USD
Carbon,ICE_EUA,APR-2024,1/2/2024,81.58,USD
Carbon,ICE_EUA,JUN-2024,1/2/2024,82.56,USD
Carbon,ICE_EUA,AUG-2024,1/2/2024,83.22,USD
Carbon,ICE_EUA,SEP-2024,1/2/2024,83.48,USD
Carbon,ICE_EUA,OCT-2024,1/2/2024,83.48,USD
Carbon,ICE_EUA,DEC-2024,1/2/2024,83.94,USD
Carbon,ICE_EUA,JAN-2025,1/2/2024,83.94,USD
Carbon,ICE_EUA,MAR-2025,1/2/2024,84.74,USD
Carbon,ICE_EUA,APR-2025,1/2/2024,84.74,USD
Carbon,ICE_EUA,JUN-2025,1/2/2024,85.33,USD
Carbon,ICE_EUA,AUG-2025,1/2/2024,85.60,USD
Carbon,ICE_EUA,SEP-2025,1/2/2024,85.83,USD
Carbon,ICE_EUA,OCT-2025,1/2/2024,85.83,USD
Carbon,ICE_EUA,DEC-2025,1/2/2024,86.44,USD
Carbon,ICE_EUA,JAN-2026,1/2/2024,86.44,USD
Carbon,ICE_EUA,MAR-2026,1/2/2024,87.33,USD
Carbon,ICE_EUA,APR-2026,1/2/2024,87.33,USD
Carbon,ICE_EUA,MAY-2026,1/2/2024,87.33,USD
Carbon,ICE_EUA,JUN-2026,1/2/2024,87.33,USD
Carbon,ICE_EUA,AUG-2026,1/2/2024,88.15,USD
Carbon,ICE_EUA,SEP-2026,1/2/2024,88.15,USD
Carbon,ICE_EUA,OCT-2026,1/2/2024,88.15,USD
Carbon,ICE_EUA,DEC-2026,1/2/2024,88.95,USD
Carbon,ICE_EUA,DEC-2027,1/2/2024,91.61,USD
Carbon,ICE_EUA,DEC-2028,1/2/2024,94.31,USD
Carbon,ICE_EUA,DEC-2029,1/2/2024,97.41,USD
Carbon,ICE_EUA,DEC-2030,1/2/2024,100.50,USD
Carbon,ICE_EUA,DEC-2031,1/2/2024,100.50,USD
Carbon,ICE_EUA,SPOT,1/3/2024,81.95,USD
Carbon,ICE_EUA,FEB-2024,1/3/2024,82.23,USD
Carbon,ICE_EUA,MAR-2024,1/3/2024,82.42,USD
Carbon,ICE_EUA,APR-2024,1/3/2024,82.42,USD
Carbon,ICE_EUA,JUN-2024,1/3/2024,83.29,USD
Carbon,ICE_EUA,AUG-2024,1/3/2024,83.85,USD
Carbon,ICE_EUA,SEP-2024,1/3/2024,84.15,USD
Carbon,ICE_EUA,OCT-2024,1/3/2024,84.15,USD
Carbon,ICE_EUA,DEC-2024,1/3/2024,84.75,USD
Carbon,ICE_EUA,JAN-2025,1/3/2024,84.75,USD
Carbon,ICE_EUA,MAR-2025,1/3/2024,85.57,USD
Carbon,ICE_EUA,APR-2025,1/3/2024,85.57,USD
Carbon,ICE_EUA,JUN-2025,1/3/2024,86.17,USD
Carbon,ICE_EUA,AUG-2025,1/3/2024,86.45,USD
Carbon,ICE_EUA,SEP-2025,1/3/2024,86.68,USD
Carbon,ICE_EUA,OCT-2025,1/3/2024,86.68,USD
Carbon,ICE_EUA,DEC-2025,1/3/2024,87.31,USD
Carbon,ICE_EUA,JAN-2026,1/3/2024,87.31,USD
Carbon,ICE_EUA,MAR-2026,1/3/2024,88.15,USD
Carbon,ICE_EUA,APR-2026,1/3/2024,88.15,USD
Carbon,ICE_EUA,MAY-2026,1/3/2024,88.15,USD
Carbon,ICE_EUA,JUN-2026,1/3/2024,88.15,USD
Carbon,ICE_EUA,AUG-2026,1/3/2024,89.01,USD
Carbon,ICE_EUA,SEP-2026,1/3/2024,89.01,USD
Carbon,ICE_EUA,OCT-2026,1/3/2024,89.01,USD
Carbon,ICE_EUA,DEC-2026,1/3/2024,89.86,USD
Carbon,ICE_EUA,DEC-2027,1/3/2024,92.69,USD
Carbon,ICE_EUA,DEC-2028,1/3/2024,95.61,USD
Carbon,ICE_EUA,DEC-2029,1/3/2024,98.68,USD
Carbon,ICE_EUA,DEC-2030,1/3/2024,101.75,USD
Carbon,ICE_EUA,DEC-2031,1/3/2024,101.75,USD
Carbon,ICE_EUA,SPOT,1/4/2024,79.97,USD
Carbon,ICE_EUA,FEB-2024,1/4/2024,80.23,USD
Carbon,ICE_EUA,MAR-2024,1/4/2024,80.43,USD
Carbon,ICE_EUA,APR-2024,1/4/2024,80.43,USD
Carbon,ICE_EUA,JUN-2024,1/4/2024,81.33,USD
Carbon,ICE_EUA,AUG-2024,1/4/2024,81.90,USD
Carbon,ICE_EUA,SEP-2024,1/4/2024,82.20,USD
Carbon,ICE_EUA,OCT-2024,1/4/2024,82.20,USD
Carbon,ICE_EUA,DEC-2024,1/4/2024,82.79,USD
Carbon,ICE_EUA,JAN-2025,1/4/2024,82.79,USD
Carbon,ICE_EUA,MAR-2025,1/4/2024,83.60,USD
Carbon,ICE_EUA,APR-2025,1/4/2024,83.60,USD
Carbon,ICE_EUA,JUN-2025,1/4/2024,84.21,USD
Carbon,ICE_EUA,AUG-2025,1/4/2024,84.50,USD
Carbon,ICE_EUA,SEP-2025,1/4/2024,84.74,USD
Carbon,ICE_EUA,OCT-2025,1/4/2024,84.74,USD
Carbon,ICE_EUA,DEC-2025,1/4/2024,85.38,USD
Carbon,ICE_EUA,JAN-2026,1/4/2024,85.38,USD
Carbon,ICE_EUA,MAR-2026,1/4/2024,86.13,USD
Carbon,ICE_EUA,APR-2026,1/4/2024,86.13,USD
Carbon,ICE_EUA,MAY-2026,1/4/2024,86.13,USD
Carbon,ICE_EUA,JUN-2026,1/4/2024,86.13,USD
Carbon,ICE_EUA,AUG-2026,1/4/2024,87.01,USD
Carbon,ICE_EUA,SEP-2026,1/4/2024,87.01,USD
Carbon,ICE_EUA,OCT-2026,1/4/2024,87.01,USD
Carbon,ICE_EUA,DEC-2026,1/4/2024,87.93,USD
Carbon,ICE_EUA,DEC-2027,1/4/2024,90.75,USD
Carbon,ICE_EUA,DEC-2028,1/4/2024,93.66,USD
Carbon,ICE_EUA,DEC-2029,1/4/2024,96.72,USD
Carbon,ICE_EUA,DEC-2030,1/4/2024,99.78,USD
Carbon,ICE_EUA,DEC-2031,1/4/2024,99.78,USD
Carbon,ICE_EUA,SPOT,1/5/2024,80.80,USD
Carbon,ICE_EUA,FEB-2024,1/5/2024,81.06,USD
Carbon,ICE_EUA,MAR-2024,1/5/2024,81.26,USD
Carbon,ICE_EUA,APR-2024,1/5/2024,81.26,USD
Carbon,ICE_EUA,JUN-2024,1/5/2024,82.17,USD
Carbon,ICE_EUA,AUG-2024,1/5/2024,82.74,USD
Carbon,ICE_EUA,SEP-2024,1/5/2024,83.04,USD
Carbon,ICE_EUA,OCT-2024,1/5/2024,83.04,USD
Carbon,ICE_EUA,DEC-2024,1/5/2024,83.63,USD
Carbon,ICE_EUA,JAN-2025,1/5/2024,83.63,USD
Carbon,ICE_EUA,MAR-2025,1/5/2024,84.46,USD
Carbon,ICE_EUA,APR-2025,1/5/2024,84.46,USD
Carbon,ICE_EUA,JUN-2025,1/5/2024,85.09,USD
Carbon,ICE_EUA,AUG-2025,1/5/2024,85.41,USD
Carbon,ICE_EUA,SEP-2025,1/5/2024,85.67,USD
Carbon,ICE_EUA,OCT-2025,1/5/2024,85.67,USD
Carbon,ICE_EUA,DEC-2025,1/5/2024,86.32,USD
Carbon,ICE_EUA,JAN-2026,1/5/2024,86.32,USD
Carbon,ICE_EUA,MAR-2026,1/5/2024,87.12,USD
Carbon,ICE_EUA,APR-2026,1/5/2024,87.12,USD
Carbon,ICE_EUA,MAY-2026,1/5/2024,87.12,USD
Carbon,ICE_EUA,JUN-2026,1/5/2024,87.12,USD
Carbon,ICE_EUA,AUG-2026,1/5/2024,88.05,USD
Carbon,ICE_EUA,SEP-2026,1/5/2024,88.05,USD
Carbon,ICE_EUA,OCT-2026,1/5/2024,88.05,USD
Carbon,ICE_EUA,DEC-2026,1/5/2024,89.02,USD
Carbon,ICE_EUA,DEC-2027,1/5/2024,91.84,USD
Carbon,ICE_EUA,DEC-2028,1/5/2024,94.77,USD
Carbon,ICE_EUA,DEC-2029,1/5/2024,97.83,USD
Carbon,ICE_EUA,DEC-2030,1/5/2024,100.90,USD
Carbon,ICE_EUA,DEC-2031,1/5/2024,100.90,USD
Carbon,ICE_EUA,SPOT,1/8/2024,76.36,USD
Carbon,ICE_EUA,FEB-2024,1/8/2024,76.63,USD
Carbon,ICE_EUA,MAR-2024,1/8/2024,76.81,USD
Carbon,ICE_EUA,APR-2024,1/8/2024,76.81,USD
Carbon,ICE_EUA,JUN-2024,1/8/2024,77.75,USD
Carbon,ICE_EUA,AUG-2024,1/8/2024,78.26,USD
Carbon,ICE_EUA,SEP-2024,1/8/2024,78.56,USD
Carbon,ICE_EUA,OCT-2024,1/8/2024,78.56,USD
Carbon,ICE_EUA,DEC-2024,1/8/2024,79.09,USD
Carbon,ICE_EUA,JAN-2025,1/8/2024,79.09,USD
Carbon,ICE_EUA,MAR-2025,1/8/2024,79.94,USD
Carbon,ICE_EUA,APR-2025,1/8/2024,79.94,USD
Carbon,ICE_EUA,JUN-2025,1/8/2024,80.53,USD
Carbon,ICE_EUA,AUG-2025,1/8/2024,80.83,USD
Carbon,ICE_EUA,SEP-2025,1/8/2024,81.07,USD
Carbon,ICE_EUA,OCT-2025,1/8/2024,81.07,USD
Carbon,ICE_EUA,DEC-2025,1/8/2024,81.67,USD
Carbon,ICE_EUA,JAN-2026,1/8/2024,81.67,USD
Carbon,ICE_EUA,MAR-2026,1/8/2024,82.46,USD
Carbon,ICE_EUA,APR-2026,1/8/2024,82.46,USD
Carbon,ICE_EUA,MAY-2026,1/8/2024,82.46,USD
Carbon,ICE_EUA,JUN-2026,1/8/2024,82.46,USD
Carbon,ICE_EUA,AUG-2026,1/8/2024,83.39,USD
Carbon,ICE_EUA,SEP-2026,1/8/2024,83.39,USD
Carbon,ICE_EUA,OCT-2026,1/8/2024,83.39,USD
Carbon,ICE_EUA,DEC-2026,1/8/2024,84.28,USD
Carbon,ICE_EUA,DEC-2027,1/8/2024,87.10,USD
Carbon,ICE_EUA,DEC-2028,1/8/2024,90.01,USD
Carbon,ICE_EUA,DEC-2029,1/8/2024,92.93,USD
Carbon,ICE_EUA,DEC-2030,1/8/2024,95.84,USD
Carbon,ICE_EUA,DEC-2031,1/8/2024,95.84,USD
Carbon,ICE_EUA,SPOT,1/9/2024,76.04,USD
Carbon,ICE_EUA,FEB-2024,1/9/2024,76.31,USD
Carbon,ICE_EUA,MAR-2024,1/9/2024,76.47,USD
Carbon,ICE_EUA,APR-2024,1/9/2024,76.47,USD
Carbon,ICE_EUA,JUN-2024,1/9/2024,77.42,USD
Carbon,ICE_EUA,AUG-2024,1/9/2024,77.91,USD
Carbon,ICE_EUA,SEP-2024,1/9/2024,78.21,USD
Carbon,ICE_EUA,OCT-2024,1/9/2024,78.21,USD
Carbon,ICE_EUA,DEC-2024,1/9/2024,78.75,USD
Carbon,ICE_EUA,JAN-2025,1/9/2024,78.75,USD
Carbon,ICE_EUA,MAR-2025,1/9/2024,79.59,USD
Carbon,ICE_EUA,APR-2025,1/9/2024,79.59,USD
Carbon,ICE_EUA,JUN-2025,1/9/2024,80.18,USD
Carbon,ICE_EUA,AUG-2025,1/9/2024,80.57,USD
Carbon,ICE_EUA,SEP-2025,1/9/2024,80.78,USD
Carbon,ICE_EUA,OCT-2025,1/9/2024,80.78,USD
Carbon,ICE_EUA,DEC-2025,1/9/2024,81.37,USD
Carbon,ICE_EUA,JAN-2026,1/9/2024,81.37,USD
Carbon,ICE_EUA,MAR-2026,1/9/2024,82.14,USD
Carbon,ICE_EUA,APR-2026,1/9/2024,82.14,USD
Carbon,ICE_EUA,MAY-2026,1/9/2024,82.14,USD
Carbon,ICE_EUA,JUN-2026,1/9/2024,82.14,USD
Carbon,ICE_EUA,AUG-2026,1/9/2024,83.15,USD
Carbon,ICE_EUA,SEP-2026,1/9/2024,83.15,USD
Carbon,ICE_EUA,OCT-2026,1/9/2024,83.15,USD
Carbon,ICE_EUA,DEC-2026,1/9/2024,83.95,USD
Carbon,ICE_EUA,DEC-2027,1/9/2024,86.77,USD
Carbon,ICE_EUA,DEC-2028,1/9/2024,89.64,USD
Carbon,ICE_EUA,DEC-2029,1/9/2024,92.51,USD
Carbon,ICE_EUA,DEC-2030,1/9/2024,95.37,USD
Carbon,ICE_EUA,DEC-2031,1/9/2024,95.37,USD
Carbon,ICE_EUA,SPOT,1/10/2024,73.90,USD
Carbon,ICE_EUA,FEB-2024,1/10/2024,74.13,USD
Carbon,ICE_EUA,MAR-2024,1/10/2024,74.29,USD
Carbon,ICE_EUA,APR-2024,1/10/2024,74.29,USD
Carbon,ICE_EUA,JUN-2024,1/10/2024,75.23,USD
Carbon,ICE_EUA,AUG-2024,1/10/2024,75.71,USD
Carbon,ICE_EUA,SEP-2024,1/10/2024,76.01,USD
Carbon,ICE_EUA,OCT-2024,1/10/2024,76.01,USD
Carbon,ICE_EUA,DEC-2024,1/10/2024,76.57,USD
Carbon,ICE_EUA,JAN-2025,1/10/2024,76.57,USD
Carbon,ICE_EUA,MAR-2025,1/10/2024,77.41,USD
Carbon,ICE_EUA,APR-2025,1/10/2024,77.41,USD
Carbon,ICE_EUA,JUN-2025,1/10/2024,77.99,USD
Carbon,ICE_EUA,AUG-2025,1/10/2024,78.39,USD
Carbon,ICE_EUA,SEP-2025,1/10/2024,78.58,USD
Carbon,ICE_EUA,OCT-2025,1/10/2024,78.58,USD
Carbon,ICE_EUA,DEC-2025,1/10/2024,79.16,USD
Carbon,ICE_EUA,JAN-2026,1/10/2024,79.16,USD
Carbon,ICE_EUA,MAR-2026,1/10/2024,79.93,USD
Carbon,ICE_EUA,APR-2026,1/10/2024,79.93,USD
Carbon,ICE_EUA,MAY-2026,1/10/2024,79.93,USD
Carbon,ICE_EUA,JUN-2026,1/10/2024,79.93,USD
Carbon,ICE_EUA,AUG-2026,1/10/2024,80.92,USD
Carbon,ICE_EUA,SEP-2026,1/10/2024,80.92,USD
Carbon,ICE_EUA,OCT-2026,1/10/2024,80.92,USD
Carbon,ICE_EUA,DEC-2026,1/10/2024,81.73,USD
Carbon,ICE_EUA,DEC-2027,1/10/2024,84.56,USD
Carbon,ICE_EUA,DEC-2028,1/10/2024,87.38,USD
Carbon,ICE_EUA,DEC-2029,1/10/2024,90.20,USD
Carbon,ICE_EUA,DEC-2030,1/10/2024,93.02,USD
Carbon,ICE_EUA,DEC-2031,1/10/2024,93.02,USD
Carbon,ICE_EUA,SPOT,1/11/2024,71.78,USD
Carbon,ICE_EUA,FEB-2024,1/11/2024,72.00,USD
Carbon,ICE_EUA,MAR-2024,1/11/2024,72.16,USD
Carbon,ICE_EUA,APR-2024,1/11/2024,72.16,USD
Carbon,ICE_EUA,JUN-2024,1/11/2024,73.09,USD
Carbon,ICE_EUA,AUG-2024,1/11/2024,73.54,USD
Carbon,ICE_EUA,SEP-2024,1/11/2024,73.82,USD
Carbon,ICE_EUA,OCT-2024,1/11/2024,73.82,USD
Carbon,ICE_EUA,DEC-2024,1/11/2024,74.35,USD
Carbon,ICE_EUA,JAN-2025,1/11/2024,74.35,USD
Carbon,ICE_EUA,MAR-2025,1/11/2024,75.13,USD
Carbon,ICE_EUA,APR-2025,1/11/2024,75.13,USD
Carbon,ICE_EUA,JUN-2025,1/11/2024,75.70,USD
Carbon,ICE_EUA,AUG-2025,1/11/2024,76.10,USD
Carbon,ICE_EUA,SEP-2025,1/11/2024,76.29,USD
Carbon,ICE_EUA,OCT-2025,1/11/2024,76.29,USD
Carbon,ICE_EUA,DEC-2025,1/11/2024,76.87,USD
Carbon,ICE_EUA,JAN-2026,1/11/2024,76.87,USD
Carbon,ICE_EUA,MAR-2026,1/11/2024,77.56,USD
Carbon,ICE_EUA,APR-2026,1/11/2024,77.56,USD
Carbon,ICE_EUA,MAY-2026,1/11/2024,77.56,USD
Carbon,ICE_EUA,JUN-2026,1/11/2024,77.56,USD
Carbon,ICE_EUA,AUG-2026,1/11/2024,78.56,USD
Carbon,ICE_EUA,SEP-2026,1/11/2024,78.56,USD
Carbon,ICE_EUA,OCT-2026,1/11/2024,78.56,USD
Carbon,ICE_EUA,DEC-2026,1/11/2024,79.37,USD
Carbon,ICE_EUA,DEC-2027,1/11/2024,82.19,USD
Carbon,ICE_EUA,DEC-2028,1/11/2024,85.02,USD
Carbon,ICE_EUA,DEC-2029,1/11/2024,87.84,USD
Carbon,ICE_EUA,DEC-2030,1/11/2024,90.67,USD
Carbon,ICE_EUA,DEC-2031,1/11/2024,90.67,USD
Carbon,ICE_EUA,SPOT,1/12/2024,69.82,USD
Carbon,ICE_EUA,FEB-2024,1/12/2024,70.04,USD
Carbon,ICE_EUA,MAR-2024,1/12/2024,70.20,USD
Carbon,ICE_EUA,APR-2024,1/12/2024,70.20,USD
Carbon,ICE_EUA,JUN-2024,1/12/2024,71.08,USD
Carbon,ICE_EUA,AUG-2024,1/12/2024,71.57,USD
Carbon,ICE_EUA,SEP-2024,1/12/2024,71.84,USD
Carbon,ICE_EUA,OCT-2024,1/12/2024,71.84,USD
Carbon,ICE_EUA,DEC-2024,1/12/2024,72.31,USD
Carbon,ICE_EUA,JAN-2025,1/12/2024,72.31,USD
Carbon,ICE_EUA,MAR-2025,1/12/2024,73.09,USD
Carbon,ICE_EUA,APR-2025,1/12/2024,73.09,USD
Carbon,ICE_EUA,JUN-2025,1/12/2024,73.65,USD
Carbon,ICE_EUA,AUG-2025,1/12/2024,74.02,USD
Carbon,ICE_EUA,SEP-2025,1/12/2024,74.20,USD
Carbon,ICE_EUA,OCT-2025,1/12/2024,74.20,USD
Carbon,ICE_EUA,DEC-2025,1/12/2024,74.77,USD
Carbon,ICE_EUA,JAN-2026,1/12/2024,74.77,USD
Carbon,ICE_EUA,MAR-2026,1/12/2024,75.43,USD
Carbon,ICE_EUA,APR-2026,1/12/2024,75.43,USD
Carbon,ICE_EUA,MAY-2026,1/12/2024,75.43,USD
Carbon,ICE_EUA,JUN-2026,1/12/2024,75.43,USD
Carbon,ICE_EUA,AUG-2026,1/12/2024,76.26,USD
Carbon,ICE_EUA,SEP-2026,1/12/2024,76.26,USD
Carbon,ICE_EUA,OCT-2026,1/12/2024,76.26,USD
Carbon,ICE_EUA,DEC-2026,1/12/2024,77.18,USD
Carbon,ICE_EUA,DEC-2027,1/12/2024,80.21,USD
Carbon,ICE_EUA,DEC-2028,1/12/2024,83.04,USD
Carbon,ICE_EUA,DEC-2029,1/12/2024,85.87,USD
Carbon,ICE_EUA,DEC-2030,1/12/2024,88.71,USD
Carbon,ICE_EUA,DEC-2031,1/12/2024,88.71,USD
Carbon,ICE_EUA,SPOT,1/16/2024,69.30,USD
Carbon,ICE_EUA,FEB-2024,1/16/2024,69.52,USD
Carbon,ICE_EUA,MAR-2024,1/16/2024,69.68,USD
Carbon,ICE_EUA,APR-2024,1/16/2024,69.68,USD
Carbon,ICE_EUA,JUN-2024,1/16/2024,70.52,USD
Carbon,ICE_EUA,AUG-2024,1/16/2024,70.99,USD
Carbon,ICE_EUA,SEP-2024,1/16/2024,71.26,USD
Carbon,ICE_EUA,OCT-2024,1/16/2024,71.26,USD
Carbon,ICE_EUA,DEC-2024,1/16/2024,71.79,USD
Carbon,ICE_EUA,JAN-2025,1/16/2024,71.79,USD
Carbon,ICE_EUA,MAR-2025,1/16/2024,72.55,USD
Carbon,ICE_EUA,APR-2025,1/16/2024,72.55,USD
Carbon,ICE_EUA,JUN-2025,1/16/2024,73.16,USD
Carbon,ICE_EUA,AUG-2025,1/16/2024,73.56,USD
Carbon,ICE_EUA,SEP-2025,1/16/2024,73.76,USD
Carbon,ICE_EUA,OCT-2025,1/16/2024,73.76,USD
Carbon,ICE_EUA,DEC-2025,1/16/2024,74.36,USD
Carbon,ICE_EUA,JAN-2026,1/16/2024,74.36,USD
Carbon,ICE_EUA,MAR-2026,1/16/2024,75.05,USD
Carbon,ICE_EUA,APR-2026,1/16/2024,75.05,USD
Carbon,ICE_EUA,MAY-2026,1/16/2024,75.05,USD
Carbon,ICE_EUA,JUN-2026,1/16/2024,75.05,USD
Carbon,ICE_EUA,AUG-2026,1/16/2024,75.93,USD
Carbon,ICE_EUA,SEP-2026,1/16/2024,75.93,USD
Carbon,ICE_EUA,OCT-2026,1/16/2024,75.93,USD
Carbon,ICE_EUA,DEC-2026,1/16/2024,76.88,USD
Carbon,ICE_EUA,DEC-2027,1/16/2024,79.67,USD
Carbon,ICE_EUA,DEC-2028,1/16/2024,82.49,USD
Carbon,ICE_EUA,DEC-2029,1/16/2024,85.32,USD
Carbon,ICE_EUA,DEC-2030,1/16/2024,88.14,USD
Carbon,ICE_EUA,DEC-2031,1/16/2024,88.14,USD
Carbon,ICE_EUA,SPOT,1/17/2024,66.28,USD
Carbon,ICE_EUA,FEB-2024,1/17/2024,66.50,USD
Carbon,ICE_EUA,MAR-2024,1/17/2024,66.66,USD
Carbon,ICE_EUA,APR-2024,1/17/2024,66.66,USD
Carbon,ICE_EUA,JUN-2024,1/17/2024,67.47,USD
Carbon,ICE_EUA,AUG-2024,1/17/2024,67.90,USD
Carbon,ICE_EUA,SEP-2024,1/17/2024,68.19,USD
Carbon,ICE_EUA,OCT-2024,1/17/2024,68.19,USD
Carbon,ICE_EUA,DEC-2024,1/17/2024,68.72,USD
Carbon,ICE_EUA,JAN-2025,1/17/2024,68.72,USD
Carbon,ICE_EUA,MAR-2025,1/17/2024,69.47,USD
Carbon,ICE_EUA,APR-2025,1/17/2024,69.47,USD
Carbon,ICE_EUA,JUN-2025,1/17/2024,70.05,USD
Carbon,ICE_EUA,AUG-2025,1/17/2024,70.43,USD
Carbon,ICE_EUA,SEP-2025,1/17/2024,70.60,USD
Carbon,ICE_EUA,OCT-2025,1/17/2024,70.60,USD
Carbon,ICE_EUA,DEC-2025,1/17/2024,71.19,USD
Carbon,ICE_EUA,JAN-2026,1/17/2024,71.19,USD
Carbon,ICE_EUA,MAR-2026,1/17/2024,71.88,USD
Carbon,ICE_EUA,APR-2026,1/17/2024,71.88,USD
Carbon,ICE_EUA,MAY-2026,1/17/2024,71.88,USD
Carbon,ICE_EUA,JUN-2026,1/17/2024,71.88,USD
Carbon,ICE_EUA,AUG-2026,1/17/2024,72.75,USD
Carbon,ICE_EUA,SEP-2026,1/17/2024,72.75,USD
Carbon,ICE_EUA,OCT-2026,1/17/2024,72.75,USD
Carbon,ICE_EUA,DEC-2026,1/17/2024,73.69,USD
Carbon,ICE_EUA,DEC-2027,1/17/2024,76.47,USD
Carbon,ICE_EUA,DEC-2028,1/17/2024,79.28,USD
Carbon,ICE_EUA,DEC-2029,1/17/2024,82.08,USD
Carbon,ICE_EUA,DEC-2030,1/17/2024,84.89,USD
Carbon,ICE_EUA,DEC-2031,1/17/2024,84.89,USD
Carbon,ICE_EUA,SPOT,1/18/2024,66.09,USD
Carbon,ICE_EUA,FEB-2024,1/18/2024,66.31,USD
Carbon,ICE_EUA,MAR-2024,1/18/2024,66.47,USD
Carbon,ICE_EUA,APR-2024,1/18/2024,66.47,USD
Carbon,ICE_EUA,JUN-2024,1/18/2024,67.27,USD
Carbon,ICE_EUA,AUG-2024,1/18/2024,67.71,USD
Carbon,ICE_EUA,SEP-2024,1/18/2024,67.99,USD
Carbon,ICE_EUA,OCT-2024,1/18/2024,67.99,USD
Carbon,ICE_EUA,DEC-2024,1/18/2024,68.54,USD
Carbon,ICE_EUA,JAN-2025,1/18/2024,68.54,USD
Carbon,ICE_EUA,MAR-2025,1/18/2024,69.28,USD
Carbon,ICE_EUA,APR-2025,1/18/2024,69.28,USD
Carbon,ICE_EUA,JUN-2025,1/18/2024,69.84,USD
Carbon,ICE_EUA,AUG-2025,1/18/2024,70.22,USD
Carbon,ICE_EUA,SEP-2025,1/18/2024,70.40,USD
Carbon,ICE_EUA,OCT-2025,1/18/2024,70.40,USD
Carbon,ICE_EUA,DEC-2025,1/18/2024,70.97,USD
Carbon,ICE_EUA,JAN-2026,1/18/2024,70.97,USD
Carbon,ICE_EUA,MAR-2026,1/18/2024,71.66,USD
Carbon,ICE_EUA,APR-2026,1/18/2024,71.66,USD
Carbon,ICE_EUA,MAY-2026,1/18/2024,71.66,USD
Carbon,ICE_EUA,JUN-2026,1/18/2024,71.66,USD
Carbon,ICE_EUA,AUG-2026,1/18/2024,72.47,USD
Carbon,ICE_EUA,SEP-2026,1/18/2024,72.47,USD
Carbon,ICE_EUA,OCT-2026,1/18/2024,72.47,USD
Carbon,ICE_EUA,DEC-2026,1/18/2024,73.42,USD
Carbon,ICE_EUA,DEC-2027,1/18/2024,76.18,USD
Carbon,ICE_EUA,DEC-2028,1/18/2024,78.99,USD
Carbon,ICE_EUA,DEC-2029,1/18/2024,81.80,USD
Carbon,ICE_EUA,DEC-2030,1/18/2024,84.60,USD
Carbon,ICE_EUA,DEC-2031,1/18/2024,84.60,USD
Carbon,ICE_EUA,SPOT,1/19/2024,66.75,USD
Carbon,ICE_EUA,FEB-2024,1/19/2024,66.97,USD
Carbon,ICE_EUA,MAR-2024,1/19/2024,67.13,USD
Carbon,ICE_EUA,APR-2024,1/19/2024,67.13,USD
Carbon,ICE_EUA,JUN-2024,1/19/2024,67.93,USD
Carbon,ICE_EUA,AUG-2024,1/19/2024,68.36,USD
Carbon,ICE_EUA,SEP-2024,1/19/2024,68.68,USD
Carbon,ICE_EUA,OCT-2024,1/19/2024,68.68,USD
Carbon,ICE_EUA,DEC-2024,1/19/2024,69.22,USD
Carbon,ICE_EUA,JAN-2025,1/19/2024,69.22,USD
Carbon,ICE_EUA,MAR-2025,1/19/2024,69.99,USD
Carbon,ICE_EUA,APR-2025,1/19/2024,69.99,USD
Carbon,ICE_EUA,JUN-2025,1/19/2024,70.57,USD
Carbon,ICE_EUA,AUG-2025,1/19/2024,70.96,USD
Carbon,ICE_EUA,SEP-2025,1/19/2024,71.13,USD
Carbon,ICE_EUA,OCT-2025,1/19/2024,71.13,USD
Carbon,ICE_EUA,DEC-2025,1/19/2024,71.71,USD
Carbon,ICE_EUA,JAN-2026,1/19/2024,71.71,USD
Carbon,ICE_EUA,MAR-2026,1/19/2024,72.42,USD
Carbon,ICE_EUA,APR-2026,1/19/2024,72.42,USD
Carbon,ICE_EUA,MAY-2026,1/19/2024,72.42,USD
Carbon,ICE_EUA,JUN-2026,1/19/2024,72.42,USD
Carbon,ICE_EUA,AUG-2026,1/19/2024,73.24,USD
Carbon,ICE_EUA,SEP-2026,1/19/2024,73.24,USD
Carbon,ICE_EUA,OCT-2026,1/19/2024,73.24,USD
Carbon,ICE_EUA,DEC-2026,1/19/2024,74.19,USD
Carbon,ICE_EUA,DEC-2027,1/19/2024,76.98,USD
Carbon,ICE_EUA,DEC-2028,1/19/2024,79.79,USD
Carbon,ICE_EUA,DEC-2029,1/19/2024,82.60,USD
Carbon,ICE_EUA,DEC-2030,1/19/2024,85.40,USD
Carbon,ICE_EUA,DEC-2031,1/19/2024,85.40,USD
Carbon,ICE_EUA,SPOT,1/22/2024,65.14,USD
Carbon,ICE_EUA,FEB-2024,1/22/2024,65.34,USD
Carbon,ICE_EUA,MAR-2024,1/22/2024,65.52,USD
Carbon,ICE_EUA,APR-2024,1/22/2024,65.52,USD
Carbon,ICE_EUA,JUN-2024,1/22/2024,66.30,USD
Carbon,ICE_EUA,AUG-2024,1/22/2024,66.73,USD
Carbon,ICE_EUA,SEP-2024,1/22/2024,67.01,USD
Carbon,ICE_EUA,OCT-2024,1/22/2024,67.01,USD
Carbon,ICE_EUA,DEC-2024,1/22/2024,67.54,USD
Carbon,ICE_EUA,JAN-2025,1/22/2024,67.54,USD
Carbon,ICE_EUA,MAR-2025,1/22/2024,68.29,USD
Carbon,ICE_EUA,APR-2025,1/22/2024,68.29,USD
Carbon,ICE_EUA,JUN-2025,1/22/2024,68.85,USD
Carbon,ICE_EUA,AUG-2025,1/22/2024,69.23,USD
Carbon,ICE_EUA,SEP-2025,1/22/2024,69.41,USD
Carbon,ICE_EUA,OCT-2025,1/22/2024,69.41,USD
Carbon,ICE_EUA,DEC-2025,1/22/2024,69.96,USD
Carbon,ICE_EUA,JAN-2026,1/22/2024,69.96,USD
Carbon,ICE_EUA,MAR-2026,1/22/2024,70.61,USD
Carbon,ICE_EUA,APR-2026,1/22/2024,70.61,USD
Carbon,ICE_EUA,MAY-2026,1/22/2024,70.61,USD
Carbon,ICE_EUA,JUN-2026,1/22/2024,70.61,USD
Carbon,ICE_EUA,AUG-2026,1/22/2024,71.47,USD
Carbon,ICE_EUA,SEP-2026,1/22/2024,71.47,USD
Carbon,ICE_EUA,OCT-2026,1/22/2024,71.47,USD
Carbon,ICE_EUA,DEC-2026,1/22/2024,72.29,USD
Carbon,ICE_EUA,DEC-2027,1/22/2024,74.58,USD
Carbon,ICE_EUA,DEC-2028,1/22/2024,77.08,USD
Carbon,ICE_EUA,DEC-2029,1/22/2024,79.58,USD
Carbon,ICE_EUA,DEC-2030,1/22/2024,82.09,USD
Carbon,ICE_EUA,DEC-2031,1/22/2024,82.09,USD
